outcome,factor,stage,network,location,window,lag,specification_id,specification,sensitivity,coefficient,coefficient_unit,magnitude_recorded_by_job3,sign,raw_p_value,bh_adjusted_p_value,observations,municipality_count,weighting,INSE_control,fixed_effects,main_or_sensitivity,sign_agreement_with_main,magnitude_range_across_sensitivities,leave_one_out_min,leave_one_out_max,pandemic_exclusion_result,Nova_Santa_Rita_relevance,possible_planning_delta,lens_and_period_compatibility,factual_limit,work_source,age_group,stock_or_flow,population_control,sector_or_occupation_context,large_municipalities_excluded,Vale_only_sensitivity,municipal_concentration,overlap_with_education_problem,same_person_inference_allowed
age_grade_distortion_rate_percent,log1p_rais_15_17,medio,total (high school),education=school_location total; work=workplace_municipality,2019;2022-2025,0,H3-medio-age_grade_distortion_rate_percent-S1-EXCLUDE_2020_2021,S1_RAIS_15_17,EXCLUDE_2020_2021,-1.097103266318456,outcome percentage points per 1 unit of log1p(RAIS active bonds),1.097103266318456,negative,0.0066085396762785,0.0230565078879794,2298,490,unweighted,false,true,sensitivity,true,"[0.025636043352963801,5.5306604092313441]",-1.1351812648575068,-1.1238559720341763,-1.097103266318456,Nova Santa Rita RAIS 15_17: 104 -> 172 (65.38%); medium distortion 43.3% -> 24.8% (-18.5 pp); coexistence only.,"Joint work-education monitoring by municipality and age group; no individual, causal, sector-specific RAIS-stock or network-specific decision follows.",ecological municipality-year match; workplace RAIS stock versus school-location education outcome; executed years=2019;2022-2025,"Formal work only; no same-person, first-employment, informality, unemployment or causal inference. CAGED flow is descriptive and is not this coefficient.",RAIS,15_17,stock,false,"CAGED 2025 flow context only, not a RAIS-stock model: occupations: 411005 Auxiliar de escritório (2277 adjusted events); 411010 Assistente administrativo (1190 adjusted events); 784105 Embalador, a mão (862 adjusted events); sectors: 4711302 Comércio varejista de mercadorias em geral, com predominância de produtos alimentícios - supermercados (1067 adjusted events); 4711301 Comércio varejista de mercadorias em geral, com predominância de produtos alimentícios - hipermercados (612 adjusted events); 1531901 Fabricação de calçados de couro (438 adjusted events).",false,false,Job 3 dominant absolute RAIS 15-17 change: Novo Hamburgo +534; no joint work-education concentration threshold was preregistered.,"All ten Vale municipalities had RAIS 15-17 growth while medium dropout and distortion fell; 2025 levels differ, but no overlap threshold was preregistered.",false
age_grade_distortion_rate_percent,log1p_rais_15_17,medio,total (high school),education=school_location total; work=workplace_municipality,2019-2025,0,H3-medio-age_grade_distortion_rate_percent-S1-EXCLUDE_LARGEST_RS_10,S1_RAIS_15_17,EXCLUDE_LARGEST_RS_10,-1.120870851186374,outcome percentage points per 1 unit of log1p(RAIS active bonds),1.120870851186374,negative,0.0009822101924301,0.0038771454964347,3133,483,unweighted,false,true,sensitivity,true,"[0.025636043352963801,5.5306604092313441]",-1.1351812648575068,-1.1238559720341763,-1.097103266318456,Nova Santa Rita RAIS 15_17: 104 -> 172 (65.38%); medium distortion 43.3% -> 24.8% (-18.5 pp); coexistence only.,"Joint work-education monitoring by municipality and age group; no individual, causal, sector-specific RAIS-stock or network-specific decision follows.",ecological municipality-year match; workplace RAIS stock versus school-location education outcome; executed years=2019-2025,"Formal work only; no same-person, first-employment, informality, unemployment or causal inference. CAGED flow is descriptive and is not this coefficient.",RAIS,15_17,stock,false,"CAGED 2025 flow context only, not a RAIS-stock model: occupations: 411005 Auxiliar de escritório (2277 adjusted events); 411010 Assistente administrativo (1190 adjusted events); 784105 Embalador, a mão (862 adjusted events); sectors: 4711302 Comércio varejista de mercadorias em geral, com predominância de produtos alimentícios - supermercados (1067 adjusted events); 4711301 Comércio varejista de mercadorias em geral, com predominância de produtos alimentícios - hipermercados (612 adjusted events); 1531901 Fabricação de calçados de couro (438 adjusted events).",true,false,Job 3 dominant absolute RAIS 15-17 change: Novo Hamburgo +534; no joint work-education concentration threshold was preregistered.,"All ten Vale municipalities had RAIS 15-17 growth while medium dropout and distortion fell; 2025 levels differ, but no overlap threshold was preregistered.",false
age_grade_distortion_rate_percent,log1p_rais_15_17,medio,total (high school),education=school_location total; work=workplace_municipality,2019-2025,0,H3-medio-age_grade_distortion_rate_percent-S1-EXCLUDE_SMALL_POPULATION_DECILE,S1_RAIS_15_17,EXCLUDE_SMALL_POPULATION_DECILE,-0.9730074316474882,outcome percentage points per 1 unit of log1p(RAIS active bonds),0.9730074316474882,negative,0.0038157599720937,0.0143090998953516,2957,462,unweighted,false,true,sensitivity,true,"[0.025636043352963801,5.5306604092313441]",-1.1351812648575068,-1.1238559720341763,-1.097103266318456,Nova Santa Rita RAIS 15_17: 104 -> 172 (65.38%); medium distortion 43.3% -> 24.8% (-18.5 pp); coexistence only.,"Joint work-education monitoring by municipality and age group; no individual, causal, sector-specific RAIS-stock or network-specific decision follows.",ecological municipality-year match; workplace RAIS stock versus school-location education outcome; executed years=2019-2025,"Formal work only; no same-person, first-employment, informality, unemployment or causal inference. CAGED flow is descriptive and is not this coefficient.",RAIS,15_17,stock,false,"CAGED 2025 flow context only, not a RAIS-stock model: occupations: 411005 Auxiliar de escritório (2277 adjusted events); 411010 Assistente administrativo (1190 adjusted events); 784105 Embalador, a mão (862 adjusted events); sectors: 4711302 Comércio varejista de mercadorias em geral, com predominância de produtos alimentícios - supermercados (1067 adjusted events); 4711301 Comércio varejista de mercadorias em geral, com predominância de produtos alimentícios - hipermercados (612 adjusted events); 1531901 Fabricação de calçados de couro (438 adjusted events).",false,false,Job 3 dominant absolute RAIS 15-17 change: Novo Hamburgo +534; no joint work-education concentration threshold was preregistered.,"All ten Vale municipalities had RAIS 15-17 growth while medium dropout and distortion fell; 2025 levels differ, but no overlap threshold was preregistered.",false
age_grade_distortion_rate_percent,log1p_rais_15_17,medio,total (high school),education=school_location total; work=workplace_municipality,2020-2025,1,H3-medio-age_grade_distortion_rate_percent-S1-LAG1,S1_RAIS_15_17,LAG_1,-0.9622579147768464,outcome percentage points per 1 unit of log1p(RAIS active bonds),0.9622579147768464,negative,0.0067632423138073,0.0230565078879794,2731,492,unweighted,false,true,sensitivity,true,"[0.025636043352963801,5.5306604092313441]",-1.1351812648575068,-1.1238559720341763,-1.097103266318456,Nova Santa Rita RAIS 15_17: 104 -> 172 (65.38%); medium distortion 43.3% -> 24.8% (-18.5 pp); coexistence only.,"Joint work-education monitoring by municipality and age group; no individual, causal, sector-specific RAIS-stock or network-specific decision follows.",ecological municipality-year match; workplace RAIS stock versus school-location education outcome; executed years=2020-2025,"Formal work only; no same-person, first-employment, informality, unemployment or causal inference. CAGED flow is descriptive and is not this coefficient.",RAIS,15_17,stock,false,"CAGED 2025 flow context only, not a RAIS-stock model: occupations: 411005 Auxiliar de escritório (2277 adjusted events); 411010 Assistente administrativo (1190 adjusted events); 784105 Embalador, a mão (862 adjusted events); sectors: 4711302 Comércio varejista de mercadorias em geral, com predominância de produtos alimentícios - supermercados (1067 adjusted events); 4711301 Comércio varejista de mercadorias em geral, com predominância de produtos alimentícios - hipermercados (612 adjusted events); 1531901 Fabricação de calçados de couro (438 adjusted events).",false,false,Job 3 dominant absolute RAIS 15-17 change: Novo Hamburgo +534; no joint work-education concentration threshold was preregistered.,"All ten Vale municipalities had RAIS 15-17 growth while medium dropout and distortion fell; 2025 levels differ, but no overlap threshold was preregistered.",false
age_grade_distortion_rate_percent,log1p_rais_15_17,medio,total (high school),education=school_location total; work=workplace_municipality,2021-2025,2,H3-medio-age_grade_distortion_rate_percent-S1-LAG2,S1_RAIS_15_17,LAG_2,0.213378166367629,outcome percentage points per 1 unit of log1p(RAIS active bonds),0.213378166367629,positive,0.5806605973843022,0.659841587936707,2268,490,unweighted,false,true,sensitivity,false,"[0.025636043352963801,5.5306604092313441]",-1.1351812648575068,-1.1238559720341763,-1.097103266318456,Nova Santa Rita RAIS 15_17: 104 -> 172 (65.38%); medium distortion 43.3% -> 24.8% (-18.5 pp); coexistence only.,"Joint work-education monitoring by municipality and age group; no individual, causal, sector-specific RAIS-stock or network-specific decision follows.",ecological municipality-year match; workplace RAIS stock versus school-location education outcome; executed years=2021-2025,"Formal work only; no same-person, first-employment, informality, unemployment or causal inference. CAGED flow is descriptive and is not this coefficient.",RAIS,15_17,stock,false,"CAGED 2025 flow context only, not a RAIS-stock model: occupations: 411005 Auxiliar de escritório (2277 adjusted events); 411010 Assistente administrativo (1190 adjusted events); 784105 Embalador, a mão (862 adjusted events); sectors: 4711302 Comércio varejista de mercadorias em geral, com predominância de produtos alimentícios - supermercados (1067 adjusted events); 4711301 Comércio varejista de mercadorias em geral, com predominância de produtos alimentícios - hipermercados (612 adjusted events); 1531901 Fabricação de calçados de couro (438 adjusted events).",false,false,Job 3 dominant absolute RAIS 15-17 change: Novo Hamburgo +534; no joint work-education concentration threshold was preregistered.,"All ten Vale municipalities had RAIS 15-17 growth while medium dropout and distortion fell; 2025 levels differ, but no overlap threshold was preregistered.",false
age_grade_distortion_rate_percent,log1p_rais_15_17,medio,total (high school),education=school_location total; work=workplace_municipality,2019-2025,0,H3-medio-age_grade_distortion_rate_percent-S1-LOO-4303905,S1_RAIS_15_17,LEAVE_OUT_VALE_4303905,-1.1270362808290482,outcome percentage points per 1 unit of log1p(RAIS active bonds),1.1270362808290482,negative,0.0009045033646581,0.0038771454964347,3196,492,unweighted,false,true,sensitivity,true,"[0.025636043352963801,5.5306604092313441]",-1.1351812648575068,-1.1238559720341763,-1.097103266318456,Nova Santa Rita RAIS 15_17: 104 -> 172 (65.38%); medium distortion 43.3% -> 24.8% (-18.5 pp); coexistence only.,"Joint work-education monitoring by municipality and age group; no individual, causal, sector-specific RAIS-stock or network-specific decision follows.",ecological municipality-year match; workplace RAIS stock versus school-location education outcome; executed years=2019-2025,"Formal work only; no same-person, first-employment, informality, unemployment or causal inference. CAGED flow is descriptive and is not this coefficient.",RAIS,15_17,stock,false,"CAGED 2025 flow context only, not a RAIS-stock model: occupations: 411005 Auxiliar de escritório (2277 adjusted events); 411010 Assistente administrativo (1190 adjusted events); 784105 Embalador, a mão (862 adjusted events); sectors: 4711302 Comércio varejista de mercadorias em geral, com predominância de produtos alimentícios - supermercados (1067 adjusted events); 4711301 Comércio varejista de mercadorias em geral, com predominância de produtos alimentícios - hipermercados (612 adjusted events); 1531901 Fabricação de calçados de couro (438 adjusted events).",false,false,Job 3 dominant absolute RAIS 15-17 change: Novo Hamburgo +534; no joint work-education concentration threshold was preregistered.,"All ten Vale municipalities had RAIS 15-17 growth while medium dropout and distortion fell; 2025 levels differ, but no overlap threshold was preregistered.",false
age_grade_distortion_rate_percent,log1p_rais_15_17,medio,total (high school),education=school_location total; work=workplace_municipality,2019-2025,0,H3-medio-age_grade_distortion_rate_percent-S1-LOO-4306403,S1_RAIS_15_17,LEAVE_OUT_VALE_4306403,-1.1306605172407835,outcome percentage points per 1 unit of log1p(RAIS active bonds),1.1306605172407835,negative,0.0008730824968912,0.0038771454964347,3196,492,unweighted,false,true,sensitivity,true,"[0.025636043352963801,5.5306604092313441]",-1.1351812648575068,-1.1238559720341763,-1.097103266318456,Nova Santa Rita RAIS 15_17: 104 -> 172 (65.38%); medium distortion 43.3% -> 24.8% (-18.5 pp); coexistence only.,"Joint work-education monitoring by municipality and age group; no individual, causal, sector-specific RAIS-stock or network-specific decision follows.",ecological municipality-year match; workplace RAIS stock versus school-location education outcome; executed years=2019-2025,"Formal work only; no same-person, first-employment, informality, unemployment or causal inference. CAGED flow is descriptive and is not this coefficient.",RAIS,15_17,stock,false,"CAGED 2025 flow context only, not a RAIS-stock model: occupations: 411005 Auxiliar de escritório (2277 adjusted events); 411010 Assistente administrativo (1190 adjusted events); 784105 Embalador, a mão (862 adjusted events); sectors: 4711302 Comércio varejista de mercadorias em geral, com predominância de produtos alimentícios - supermercados (1067 adjusted events); 4711301 Comércio varejista de mercadorias em geral, com predominância de produtos alimentícios - hipermercados (612 adjusted events); 1531901 Fabricação de calçados de couro (438 adjusted events).",false,false,Job 3 dominant absolute RAIS 15-17 change: Novo Hamburgo +534; no joint work-education concentration threshold was preregistered.,"All ten Vale municipalities had RAIS 15-17 growth while medium dropout and distortion fell; 2025 levels differ, but no overlap threshold was preregistered.",false
age_grade_distortion_rate_percent,log1p_rais_15_17,medio,total (high school),education=school_location total; work=workplace_municipality,2019-2025,0,H3-medio-age_grade_distortion_rate_percent-S1-LOO-4307609,S1_RAIS_15_17,LEAVE_OUT_VALE_4307609,-1.1317877057092565,outcome percentage points per 1 unit of log1p(RAIS active bonds),1.1317877057092565,negative,0.0008623715357693,0.0038771454964347,3196,492,unweighted,false,true,sensitivity,true,"[0.025636043352963801,5.5306604092313441]",-1.1351812648575068,-1.1238559720341763,-1.097103266318456,Nova Santa Rita RAIS 15_17: 104 -> 172 (65.38%); medium distortion 43.3% -> 24.8% (-18.5 pp); coexistence only.,"Joint work-education monitoring by municipality and age group; no individual, causal, sector-specific RAIS-stock or network-specific decision follows.",ecological municipality-year match; workplace RAIS stock versus school-location education outcome; executed years=2019-2025,"Formal work only; no same-person, first-employment, informality, unemployment or causal inference. CAGED flow is descriptive and is not this coefficient.",RAIS,15_17,stock,false,"CAGED 2025 flow context only, not a RAIS-stock model: occupations: 411005 Auxiliar de escritório (2277 adjusted events); 411010 Assistente administrativo (1190 adjusted events); 784105 Embalador, a mão (862 adjusted events); sectors: 4711302 Comércio varejista de mercadorias em geral, com predominância de produtos alimentícios - supermercados (1067 adjusted events); 4711301 Comércio varejista de mercadorias em geral, com predominância de produtos alimentícios - hipermercados (612 adjusted events); 1531901 Fabricação de calçados de couro (438 adjusted events).",false,false,Job 3 dominant absolute RAIS 15-17 change: Novo Hamburgo +534; no joint work-education concentration threshold was preregistered.,"All ten Vale municipalities had RAIS 15-17 growth while medium dropout and distortion fell; 2025 levels differ, but no overlap threshold was preregistered.",false
age_grade_distortion_rate_percent,log1p_rais_15_17,medio,total (high school),education=school_location total; work=workplace_municipality,2019-2025,0,H3-medio-age_grade_distortion_rate_percent-S1-LOO-4307708,S1_RAIS_15_17,LEAVE_OUT_VALE_4307708,-1.1238559720341763,outcome percentage points per 1 unit of log1p(RAIS active bonds),1.1238559720341763,negative,0.0009390564949887,0.0038771454964347,3196,492,unweighted,false,true,sensitivity,true,"[0.025636043352963801,5.5306604092313441]",-1.1351812648575068,-1.1238559720341763,-1.097103266318456,Nova Santa Rita RAIS 15_17: 104 -> 172 (65.38%); medium distortion 43.3% -> 24.8% (-18.5 pp); coexistence only.,"Joint work-education monitoring by municipality and age group; no individual, causal, sector-specific RAIS-stock or network-specific decision follows.",ecological municipality-year match; workplace RAIS stock versus school-location education outcome; executed years=2019-2025,"Formal work only; no same-person, first-employment, informality, unemployment or causal inference. CAGED flow is descriptive and is not this coefficient.",RAIS,15_17,stock,false,"CAGED 2025 flow context only, not a RAIS-stock model: occupations: 411005 Auxiliar de escritório (2277 adjusted events); 411010 Assistente administrativo (1190 adjusted events); 784105 Embalador, a mão (862 adjusted events); sectors: 4711302 Comércio varejista de mercadorias em geral, com predominância de produtos alimentícios - supermercados (1067 adjusted events); 4711301 Comércio varejista de mercadorias em geral, com predominância de produtos alimentícios - hipermercados (612 adjusted events); 1531901 Fabricação de calçados de couro (438 adjusted events).",false,false,Job 3 dominant absolute RAIS 15-17 change: Novo Hamburgo +534; no joint work-education concentration threshold was preregistered.,"All ten Vale municipalities had RAIS 15-17 growth while medium dropout and distortion fell; 2025 levels differ, but no overlap threshold was preregistered.",false
age_grade_distortion_rate_percent,log1p_rais_15_17,medio,total (high school),education=school_location total; work=workplace_municipality,2019-2025,0,H3-medio-age_grade_distortion_rate_percent-S1-LOO-4310801,S1_RAIS_15_17,LEAVE_OUT_VALE_4310801,-1.1305524275709733,outcome percentage points per 1 unit of log1p(RAIS active bonds),1.1305524275709733,negative,0.0008773179389802,0.0038771454964347,3196,492,unweighted,false,true,sensitivity,true,"[0.025636043352963801,5.5306604092313441]",-1.1351812648575068,-1.1238559720341763,-1.097103266318456,Nova Santa Rita RAIS 15_17: 104 -> 172 (65.38%); medium distortion 43.3% -> 24.8% (-18.5 pp); coexistence only.,"Joint work-education monitoring by municipality and age group; no individual, causal, sector-specific RAIS-stock or network-specific decision follows.",ecological municipality-year match; workplace RAIS stock versus school-location education outcome; executed years=2019-2025,"Formal work only; no same-person, first-employment, informality, unemployment or causal inference. CAGED flow is descriptive and is not this coefficient.",RAIS,15_17,stock,false,"CAGED 2025 flow context only, not a RAIS-stock model: occupations: 411005 Auxiliar de escritório (2277 adjusted events); 411010 Assistente administrativo (1190 adjusted events); 784105 Embalador, a mão (862 adjusted events); sectors: 4711302 Comércio varejista de mercadorias em geral, com predominância de produtos alimentícios - supermercados (1067 adjusted events); 4711301 Comércio varejista de mercadorias em geral, com predominância de produtos alimentícios - hipermercados (612 adjusted events); 1531901 Fabricação de calçados de couro (438 adjusted events).",false,false,Job 3 dominant absolute RAIS 15-17 change: Novo Hamburgo +534; no joint work-education concentration threshold was preregistered.,"All ten Vale municipalities had RAIS 15-17 growth while medium dropout and distortion fell; 2025 levels differ, but no overlap threshold was preregistered.",false
age_grade_distortion_rate_percent,log1p_rais_15_17,medio,total (high school),education=school_location total; work=workplace_municipality,2019-2025,0,H3-medio-age_grade_distortion_rate_percent-S1-LOO-4313375,S1_RAIS_15_17,LEAVE_OUT_VALE_4313375,-1.1247630803289452,outcome percentage points per 1 unit of log1p(RAIS active bonds),1.1247630803289452,negative,0.0009259965307131,0.0038771454964347,3196,492,unweighted,false,true,sensitivity,true,"[0.025636043352963801,5.5306604092313441]",-1.1351812648575068,-1.1238559720341763,-1.097103266318456,Nova Santa Rita RAIS 15_17: 104 -> 172 (65.38%); medium distortion 43.3% -> 24.8% (-18.5 pp); coexistence only.,"Joint work-education monitoring by municipality and age group; no individual, causal, sector-specific RAIS-stock or network-specific decision follows.",ecological municipality-year match; workplace RAIS stock versus school-location education outcome; executed years=2019-2025,"Formal work only; no same-person, first-employment, informality, unemployment or causal inference. CAGED flow is descriptive and is not this coefficient.",RAIS,15_17,stock,false,"CAGED 2025 flow context only, not a RAIS-stock model: occupations: 411005 Auxiliar de escritório (2277 adjusted events); 411010 Assistente administrativo (1190 adjusted events); 784105 Embalador, a mão (862 adjusted events); sectors: 4711302 Comércio varejista de mercadorias em geral, com predominância de produtos alimentícios - supermercados (1067 adjusted events); 4711301 Comércio varejista de mercadorias em geral, com predominância de produtos alimentícios - hipermercados (612 adjusted events); 1531901 Fabricação de calçados de couro (438 adjusted events).",false,false,Job 3 dominant absolute RAIS 15-17 change: Novo Hamburgo +534; no joint work-education concentration threshold was preregistered.,"All ten Vale municipalities had RAIS 15-17 growth while medium dropout and distortion fell; 2025 levels differ, but no overlap threshold was preregistered.",false
age_grade_distortion_rate_percent,log1p_rais_15_17,medio,total (high school),education=school_location total; work=workplace_municipality,2019-2025,0,H3-medio-age_grade_distortion_rate_percent-S1-LOO-4313409,S1_RAIS_15_17,LEAVE_OUT_VALE_4313409,-1.131645518477514,outcome percentage points per 1 unit of log1p(RAIS active bonds),1.131645518477514,negative,0.000861295407214,0.0038771454964347,3196,492,unweighted,false,true,sensitivity,true,"[0.025636043352963801,5.5306604092313441]",-1.1351812648575068,-1.1238559720341763,-1.097103266318456,Nova Santa Rita RAIS 15_17: 104 -> 172 (65.38%); medium distortion 43.3% -> 24.8% (-18.5 pp); coexistence only.,"Joint work-education monitoring by municipality and age group; no individual, causal, sector-specific RAIS-stock or network-specific decision follows.",ecological municipality-year match; workplace RAIS stock versus school-location education outcome; executed years=2019-2025,"Formal work only; no same-person, first-employment, informality, unemployment or causal inference. CAGED flow is descriptive and is not this coefficient.",RAIS,15_17,stock,false,"CAGED 2025 flow context only, not a RAIS-stock model: occupations: 411005 Auxiliar de escritório (2277 adjusted events); 411010 Assistente administrativo (1190 adjusted events); 784105 Embalador, a mão (862 adjusted events); sectors: 4711302 Comércio varejista de mercadorias em geral, com predominância de produtos alimentícios - supermercados (1067 adjusted events); 4711301 Comércio varejista de mercadorias em geral, com predominância de produtos alimentícios - hipermercados (612 adjusted events); 1531901 Fabricação de calçados de couro (438 adjusted events).",false,false,Job 3 dominant absolute RAIS 15-17 change: Novo Hamburgo +534; no joint work-education concentration threshold was preregistered.,"All ten Vale municipalities had RAIS 15-17 growth while medium dropout and distortion fell; 2025 levels differ, but no overlap threshold was preregistered.",false
age_grade_distortion_rate_percent,log1p_rais_15_17,medio,total (high school),education=school_location total; work=workplace_municipality,2019-2025,0,H3-medio-age_grade_distortion_rate_percent-S1-LOO-4314803,S1_RAIS_15_17,LEAVE_OUT_VALE_4314803,-1.1351812648575068,outcome percentage points per 1 unit of log1p(RAIS active bonds),1.1351812648575068,negative,0.000834193159054,0.0038771454964347,3196,492,unweighted,false,true,sensitivity,true,"[0.025636043352963801,5.5306604092313441]",-1.1351812648575068,-1.1238559720341763,-1.097103266318456,Nova Santa Rita RAIS 15_17: 104 -> 172 (65.38%); medium distortion 43.3% -> 24.8% (-18.5 pp); coexistence only.,"Joint work-education monitoring by municipality and age group; no individual, causal, sector-specific RAIS-stock or network-specific decision follows.",ecological municipality-year match; workplace RAIS stock versus school-location education outcome; executed years=2019-2025,"Formal work only; no same-person, first-employment, informality, unemployment or causal inference. CAGED flow is descriptive and is not this coefficient.",RAIS,15_17,stock,false,"CAGED 2025 flow context only, not a RAIS-stock model: occupations: 411005 Auxiliar de escritório (2277 adjusted events); 411010 Assistente administrativo (1190 adjusted events); 784105 Embalador, a mão (862 adjusted events); sectors: 4711302 Comércio varejista de mercadorias em geral, com predominância de produtos alimentícios - supermercados (1067 adjusted events); 4711301 Comércio varejista de mercadorias em geral, com predominância de produtos alimentícios - hipermercados (612 adjusted events); 1531901 Fabricação de calçados de couro (438 adjusted events).",false,false,Job 3 dominant absolute RAIS 15-17 change: Novo Hamburgo +534; no joint work-education concentration threshold was preregistered.,"All ten Vale municipalities had RAIS 15-17 growth while medium dropout and distortion fell; 2025 levels differ, but no overlap threshold was preregistered.",false
age_grade_distortion_rate_percent,log1p_rais_15_17,medio,total (high school),education=school_location total; work=workplace_municipality,2019-2025,0,H3-medio-age_grade_distortion_rate_percent-S1-LOO-4318705,S1_RAIS_15_17,LEAVE_OUT_VALE_4318705,-1.131052714100018,outcome percentage points per 1 unit of log1p(RAIS active bonds),1.131052714100018,negative,0.0008677481803838,0.0038771454964347,3196,492,unweighted,false,true,sensitivity,true,"[0.025636043352963801,5.5306604092313441]",-1.1351812648575068,-1.1238559720341763,-1.097103266318456,Nova Santa Rita RAIS 15_17: 104 -> 172 (65.38%); medium distortion 43.3% -> 24.8% (-18.5 pp); coexistence only.,"Joint work-education monitoring by municipality and age group; no individual, causal, sector-specific RAIS-stock or network-specific decision follows.",ecological municipality-year match; workplace RAIS stock versus school-location education outcome; executed years=2019-2025,"Formal work only; no same-person, first-employment, informality, unemployment or causal inference. CAGED flow is descriptive and is not this coefficient.",RAIS,15_17,stock,false,"CAGED 2025 flow context only, not a RAIS-stock model: occupations: 411005 Auxiliar de escritório (2277 adjusted events); 411010 Assistente administrativo (1190 adjusted events); 784105 Embalador, a mão (862 adjusted events); sectors: 4711302 Comércio varejista de mercadorias em geral, com predominância de produtos alimentícios - supermercados (1067 adjusted events); 4711301 Comércio varejista de mercadorias em geral, com predominância de produtos alimentícios - hipermercados (612 adjusted events); 1531901 Fabricação de calçados de couro (438 adjusted events).",false,false,Job 3 dominant absolute RAIS 15-17 change: Novo Hamburgo +534; no joint work-education concentration threshold was preregistered.,"All ten Vale municipalities had RAIS 15-17 growth while medium dropout and distortion fell; 2025 levels differ, but no overlap threshold was preregistered.",false
age_grade_distortion_rate_percent,log1p_rais_15_17,medio,total (high school),education=school_location total; work=workplace_municipality,2019-2025,0,H3-medio-age_grade_distortion_rate_percent-S1-LOO-4320008,S1_RAIS_15_17,LEAVE_OUT_VALE_4320008,-1.1239085985900996,outcome percentage points per 1 unit of log1p(RAIS active bonds),1.1239085985900996,negative,0.0009348393273437,0.0038771454964347,3196,492,unweighted,false,true,sensitivity,true,"[0.025636043352963801,5.5306604092313441]",-1.1351812648575068,-1.1238559720341763,-1.097103266318456,Nova Santa Rita RAIS 15_17: 104 -> 172 (65.38%); medium distortion 43.3% -> 24.8% (-18.5 pp); coexistence only.,"Joint work-education monitoring by municipality and age group; no individual, causal, sector-specific RAIS-stock or network-specific decision follows.",ecological municipality-year match; workplace RAIS stock versus school-location education outcome; executed years=2019-2025,"Formal work only; no same-person, first-employment, informality, unemployment or causal inference. CAGED flow is descriptive and is not this coefficient.",RAIS,15_17,stock,false,"CAGED 2025 flow context only, not a RAIS-stock model: occupations: 411005 Auxiliar de escritório (2277 adjusted events); 411010 Assistente administrativo (1190 adjusted events); 784105 Embalador, a mão (862 adjusted events); sectors: 4711302 Comércio varejista de mercadorias em geral, com predominância de produtos alimentícios - supermercados (1067 adjusted events); 4711301 Comércio varejista de mercadorias em geral, com predominância de produtos alimentícios - hipermercados (612 adjusted events); 1531901 Fabricação de calçados de couro (438 adjusted events).",false,false,Job 3 dominant absolute RAIS 15-17 change: Novo Hamburgo +534; no joint work-education concentration threshold was preregistered.,"All ten Vale municipalities had RAIS 15-17 growth while medium dropout and distortion fell; 2025 levels differ, but no overlap threshold was preregistered.",false
age_grade_distortion_rate_percent,log1p_rais_15_17,medio,total (high school),education=school_location total; work=workplace_municipality,2019-2025,0,H3-medio-age_grade_distortion_rate_percent-S1-NO_FE,S1_RAIS_15_17,NO_FE_DIAGNOSTIC,-0.0256360433529638,outcome percentage points per 1 unit of log1p(RAIS active bonds),0.0256360433529638,negative,0.9104098952416342,0.9104098952416342,3203,493,unweighted,false,false,sensitivity,true,"[0.025636043352963801,5.5306604092313441]",-1.1351812648575068,-1.1238559720341763,-1.097103266318456,Nova Santa Rita RAIS 15_17: 104 -> 172 (65.38%); medium distortion 43.3% -> 24.8% (-18.5 pp); coexistence only.,"Joint work-education monitoring by municipality and age group; no individual, causal, sector-specific RAIS-stock or network-specific decision follows.",ecological municipality-year match; workplace RAIS stock versus school-location education outcome; executed years=2019-2025,"Formal work only; no same-person, first-employment, informality, unemployment or causal inference. CAGED flow is descriptive and is not this coefficient.",RAIS,15_17,stock,false,"CAGED 2025 flow context only, not a RAIS-stock model: occupations: 411005 Auxiliar de escritório (2277 adjusted events); 411010 Assistente administrativo (1190 adjusted events); 784105 Embalador, a mão (862 adjusted events); sectors: 4711302 Comércio varejista de mercadorias em geral, com predominância de produtos alimentícios - supermercados (1067 adjusted events); 4711301 Comércio varejista de mercadorias em geral, com predominância de produtos alimentícios - hipermercados (612 adjusted events); 1531901 Fabricação de calçados de couro (438 adjusted events).",false,false,Job 3 dominant absolute RAIS 15-17 change: Novo Hamburgo +534; no joint work-education concentration threshold was preregistered.,"All ten Vale municipalities had RAIS 15-17 growth while medium dropout and distortion fell; 2025 levels differ, but no overlap threshold was preregistered.",false
age_grade_distortion_rate_percent,log1p_rais_15_17,medio,total (high school),education=school_location total; work=workplace_municipality,2019-2025,0,H3-medio-age_grade_distortion_rate_percent-S1-POPULATION_WEIGHTED,S1_RAIS_15_17,POPULATION_WEIGHTED,-1.343797727152513,outcome percentage points per 1 unit of log1p(RAIS active bonds),1.343797727152513,negative,0.0006612778956721,0.0038771454964347,3203,493,population_15_17,false,true,sensitivity,true,"[0.025636043352963801,5.5306604092313441]",-1.1351812648575068,-1.1238559720341763,-1.097103266318456,Nova Santa Rita RAIS 15_17: 104 -> 172 (65.38%); medium distortion 43.3% -> 24.8% (-18.5 pp); coexistence only.,"Joint work-education monitoring by municipality and age group; no individual, causal, sector-specific RAIS-stock or network-specific decision follows.",ecological municipality-year match; workplace RAIS stock versus school-location education outcome; executed years=2019-2025,"Formal work only; no same-person, first-employment, informality, unemployment or causal inference. CAGED flow is descriptive and is not this coefficient.",RAIS,15_17,stock,false,"CAGED 2025 flow context only, not a RAIS-stock model: occupations: 411005 Auxiliar de escritório (2277 adjusted events); 411010 Assistente administrativo (1190 adjusted events); 784105 Embalador, a mão (862 adjusted events); sectors: 4711302 Comércio varejista de mercadorias em geral, com predominância de produtos alimentícios - supermercados (1067 adjusted events); 4711301 Comércio varejista de mercadorias em geral, com predominância de produtos alimentícios - hipermercados (612 adjusted events); 1531901 Fabricação de calçados de couro (438 adjusted events).",false,false,Job 3 dominant absolute RAIS 15-17 change: Novo Hamburgo +534; no joint work-education concentration threshold was preregistered.,"All ten Vale municipalities had RAIS 15-17 growth while medium dropout and distortion fell; 2025 levels differ, but no overlap threshold was preregistered.",false
age_grade_distortion_rate_percent,log1p_rais_15_17,medio,total (high school),education=school_location total; work=workplace_municipality,2019-2025,0,H3-medio-age_grade_distortion_rate_percent-S1-VALE_ONLY,S1_RAIS_15_17,VALE_ONLY,-5.530660409231344,outcome percentage points per 1 unit of log1p(RAIS active bonds),5.530660409231344,negative,0.1400725385363814,0.3501813463409535,70,10,unweighted,false,true,sensitivity,true,"[0.025636043352963801,5.5306604092313441]",-1.1351812648575068,-1.1238559720341763,-1.097103266318456,Nova Santa Rita RAIS 15_17: 104 -> 172 (65.38%); medium distortion 43.3% -> 24.8% (-18.5 pp); coexistence only.,"Joint work-education monitoring by municipality and age group; no individual, causal, sector-specific RAIS-stock or network-specific decision follows.",ecological municipality-year match; workplace RAIS stock versus school-location education outcome; executed years=2019-2025,"Formal work only; no same-person, first-employment, informality, unemployment or causal inference. CAGED flow is descriptive and is not this coefficient.",RAIS,15_17,stock,false,"CAGED 2025 flow context only, not a RAIS-stock model: occupations: 411005 Auxiliar de escritório (2277 adjusted events); 411010 Assistente administrativo (1190 adjusted events); 784105 Embalador, a mão (862 adjusted events); sectors: 4711302 Comércio varejista de mercadorias em geral, com predominância de produtos alimentícios - supermercados (1067 adjusted events); 4711301 Comércio varejista de mercadorias em geral, com predominância de produtos alimentícios - hipermercados (612 adjusted events); 1531901 Fabricação de calçados de couro (438 adjusted events).",false,true,Job 3 dominant absolute RAIS 15-17 change: Novo Hamburgo +534; no joint work-education concentration threshold was preregistered.,"All ten Vale municipalities had RAIS 15-17 growth while medium dropout and distortion fell; 2025 levels differ, but no overlap threshold was preregistered.",false
age_grade_distortion_rate_percent,log1p_rais_15_17,medio,total (high school),education=school_location total; work=workplace_municipality,2019-2023,0,H3-medio-age_grade_distortion_rate_percent-S1-WITH_INSE,S1_RAIS_15_17,WITH_INSE,-1.1193734913237945,outcome percentage points per 1 unit of log1p(RAIS active bonds),1.1193734913237945,negative,0.0289161512111522,0.0903629725348508,1358,484,unweighted,true,true,sensitivity,true,"[0.025636043352963801,5.5306604092313441]",-1.1351812648575068,-1.1238559720341763,-1.097103266318456,Nova Santa Rita RAIS 15_17: 104 -> 172 (65.38%); medium distortion 43.3% -> 24.8% (-18.5 pp); coexistence only.,"Joint work-education monitoring by municipality and age group; no individual, causal, sector-specific RAIS-stock or network-specific decision follows.",ecological municipality-year match; workplace RAIS stock versus school-location education outcome; executed years=2019-2023,"Formal work only; no same-person, first-employment, informality, unemployment or causal inference. CAGED flow is descriptive and is not this coefficient.",RAIS,15_17,stock,false,"CAGED 2025 flow context only, not a RAIS-stock model: occupations: 411005 Auxiliar de escritório (2277 adjusted events); 411010 Assistente administrativo (1190 adjusted events); 784105 Embalador, a mão (862 adjusted events); sectors: 4711302 Comércio varejista de mercadorias em geral, com predominância de produtos alimentícios - supermercados (1067 adjusted events); 4711301 Comércio varejista de mercadorias em geral, com predominância de produtos alimentícios - hipermercados (612 adjusted events); 1531901 Fabricação de calçados de couro (438 adjusted events).",false,false,Job 3 dominant absolute RAIS 15-17 change: Novo Hamburgo +534; no joint work-education concentration threshold was preregistered.,"All ten Vale municipalities had RAIS 15-17 growth while medium dropout and distortion fell; 2025 levels differ, but no overlap threshold was preregistered.",false
age_grade_distortion_rate_percent,log1p_rais_15_17,medio,total (high school),education=school_location total; work=workplace_municipality,2019-2025,0,H3-medio-age_grade_distortion_rate_percent-S1_RAIS_15_17,S1_RAIS_15_17,MAIN_2019_2025,-1.1326770423912371,outcome percentage points per 1 unit of log1p(RAIS active bonds),1.1326770423912371,negative,0.0008517493219266,0.0038771454964347,3203,493,unweighted,false,true,main,true,"[0.025636043352963801,5.5306604092313441]",-1.1351812648575068,-1.1238559720341763,-1.097103266318456,Nova Santa Rita RAIS 15_17: 104 -> 172 (65.38%); medium distortion 43.3% -> 24.8% (-18.5 pp); coexistence only.,"Joint work-education monitoring by municipality and age group; no individual, causal, sector-specific RAIS-stock or network-specific decision follows.",ecological municipality-year match; workplace RAIS stock versus school-location education outcome; executed years=2019-2025,"Formal work only; no same-person, first-employment, informality, unemployment or causal inference. CAGED flow is descriptive and is not this coefficient.",RAIS,15_17,stock,false,"CAGED 2025 flow context only, not a RAIS-stock model: occupations: 411005 Auxiliar de escritório (2277 adjusted events); 411010 Assistente administrativo (1190 adjusted events); 784105 Embalador, a mão (862 adjusted events); sectors: 4711302 Comércio varejista de mercadorias em geral, com predominância de produtos alimentícios - supermercados (1067 adjusted events); 4711301 Comércio varejista de mercadorias em geral, com predominância de produtos alimentícios - hipermercados (612 adjusted events); 1531901 Fabricação de calçados de couro (438 adjusted events).",false,false,Job 3 dominant absolute RAIS 15-17 change: Novo Hamburgo +534; no joint work-education concentration threshold was preregistered.,"All ten Vale municipalities had RAIS 15-17 growth while medium dropout and distortion fell; 2025 levels differ, but no overlap threshold was preregistered.",false
age_grade_distortion_rate_percent,log1p_rais_15_17,medio,total (high school),education=school_location total; work=workplace_municipality,2019-2025,0,H3-medio-age_grade_distortion_rate_percent-S2_RAIS_15_17_POPULATION,S2_RAIS_15_17_POPULATION,MAIN_2019_2025,-1.145499355139825,outcome percentage points per 1 unit of log1p(RAIS active bonds),1.145499355139825,negative,0.000703945372236,0.0038771454964347,3203,493,unweighted,false,true,main,true,"[1.1454993551398249,1.1454993551398249]",not_executed_for_relation,not_executed_for_relation,not_executed_for_relation,Nova Santa Rita RAIS 15_17: 104 -> 172 (65.38%); medium distortion 43.3% -> 24.8% (-18.5 pp); coexistence only.,"Joint work-education monitoring by municipality and age group; no individual, causal, sector-specific RAIS-stock or network-specific decision follows.",ecological municipality-year match; workplace RAIS stock versus school-location education outcome; executed years=2019-2025,"Formal work only; no same-person, first-employment, informality, unemployment or causal inference. CAGED flow is descriptive and is not this coefficient.",RAIS,15_17,stock,true,"CAGED 2025 flow context only, not a RAIS-stock model: occupations: 411005 Auxiliar de escritório (2277 adjusted events); 411010 Assistente administrativo (1190 adjusted events); 784105 Embalador, a mão (862 adjusted events); sectors: 4711302 Comércio varejista de mercadorias em geral, com predominância de produtos alimentícios - supermercados (1067 adjusted events); 4711301 Comércio varejista de mercadorias em geral, com predominância de produtos alimentícios - hipermercados (612 adjusted events); 1531901 Fabricação de calçados de couro (438 adjusted events).",false,false,Job 3 dominant absolute RAIS 15-17 change: Novo Hamburgo +534; no joint work-education concentration threshold was preregistered.,"All ten Vale municipalities had RAIS 15-17 growth while medium dropout and distortion fell; 2025 levels differ, but no overlap threshold was preregistered.",false
age_grade_distortion_rate_percent,log1p_rais_18_24,medio,total (high school),education=school_location total; work=workplace_municipality,2019-2025,0,H3-medio-age_grade_distortion_rate_percent-S3_RAIS_18_24_DIAGNOSTIC,S3_RAIS_18_24_DIAGNOSTIC,MAIN_2019_2025,-0.6676593374803693,outcome percentage points per 1 unit of log1p(RAIS active bonds),0.6676593374803693,negative,0.4090478998404162,0.6043869125092093,3472,496,unweighted,false,true,main,true,"[0.66765933748036932,0.66765933748036932]",not_executed_for_relation,not_executed_for_relation,not_executed_for_relation,Nova Santa Rita RAIS 18_24: 1117 -> 1638 (46.64%); medium distortion 43.3% -> 24.8% (-18.5 pp); coexistence only.,"Joint work-education monitoring by municipality and age group; no individual, causal, sector-specific RAIS-stock or network-specific decision follows.",ecological municipality-year match; workplace RAIS stock versus school-location education outcome; executed years=2019-2025,"Formal work only; no same-person, first-employment, informality, unemployment or causal inference. CAGED flow is descriptive and is not this coefficient.",RAIS,18_24,stock,false,"CAGED 2025 flow context only, not a RAIS-stock model: occupations: 784205 Alimentador de linha de produção (6821 adjusted events); 521110 Vendedor de comércio varejista (4657 adjusted events); 421125 Operador de caixa (4212 adjusted events); sectors: 4711302 Comércio varejista de mercadorias em geral, com predominância de produtos alimentícios - supermercados (4830 adjusted events); 8220200 Atividades de teleatendimento (2303 adjusted events); 4930202 Transporte rodoviário de carga, exceto produtos perigosos e mudanças, intermunicipal, interestadual e internacional (2043 adjusted events).",false,false,Job 3 dominant absolute RAIS 15-17 change: Novo Hamburgo +534; no joint work-education concentration threshold was preregistered.,"All ten Vale municipalities had RAIS 15-17 growth while medium dropout and distortion fell; 2025 levels differ, but no overlap threshold was preregistered.",false
dropout_rate_percent,log1p_rais_15_17,medio,total (high school),education=school_location total; work=workplace_municipality,2019;2022-2025,0,H3-medio-dropout_rate_percent-S1-EXCLUDE_2020_2021,S1_RAIS_15_17,EXCLUDE_2020_2021,-0.4129049664123041,outcome percentage points per 1 unit of log1p(RAIS active bonds),0.4129049664123041,negative,0.1956921051437458,0.4586373701592658,2298,490,unweighted,false,true,sensitivity,true,"[0.091846111385966905,0.97316443657064355]",-0.2962315197354137,-0.2763690007730078,-0.4129049664123041,Nova Santa Rita RAIS 15_17: 104 -> 172 (65.38%); medium distortion 43.3% -> 24.8% (-18.5 pp); coexistence only.,"Joint work-education monitoring by municipality and age group; no individual, causal, sector-specific RAIS-stock or network-specific decision follows.",ecological municipality-year match; workplace RAIS stock versus school-location education outcome; executed years=2019;2022-2025,"Formal work only; no same-person, first-employment, informality, unemployment or causal inference. CAGED flow is descriptive and is not this coefficient.",RAIS,15_17,stock,false,"CAGED 2025 flow context only, not a RAIS-stock model: occupations: 411005 Auxiliar de escritório (2277 adjusted events); 411010 Assistente administrativo (1190 adjusted events); 784105 Embalador, a mão (862 adjusted events); sectors: 4711302 Comércio varejista de mercadorias em geral, com predominância de produtos alimentícios - supermercados (1067 adjusted events); 4711301 Comércio varejista de mercadorias em geral, com predominância de produtos alimentícios - hipermercados (612 adjusted events); 1531901 Fabricação de calçados de couro (438 adjusted events).",false,false,Job 3 dominant absolute RAIS 15-17 change: Novo Hamburgo +534; no joint work-education concentration threshold was preregistered.,"All ten Vale municipalities had RAIS 15-17 growth while medium dropout and distortion fell; 2025 levels differ, but no overlap threshold was preregistered.",false
dropout_rate_percent,log1p_rais_15_17,medio,total (high school),education=school_location total; work=workplace_municipality,2019-2025,0,H3-medio-dropout_rate_percent-S1-EXCLUDE_LARGEST_RS_10,S1_RAIS_15_17,EXCLUDE_LARGEST_RS_10,-0.2841039318715419,outcome percentage points per 1 unit of log1p(RAIS active bonds),0.2841039318715419,negative,0.2874127519664732,0.4586373701592658,3133,483,unweighted,false,true,sensitivity,true,"[0.091846111385966905,0.97316443657064355]",-0.2962315197354137,-0.2763690007730078,-0.4129049664123041,Nova Santa Rita RAIS 15_17: 104 -> 172 (65.38%); medium distortion 43.3% -> 24.8% (-18.5 pp); coexistence only.,"Joint work-education monitoring by municipality and age group; no individual, causal, sector-specific RAIS-stock or network-specific decision follows.",ecological municipality-year match; workplace RAIS stock versus school-location education outcome; executed years=2019-2025,"Formal work only; no same-person, first-employment, informality, unemployment or causal inference. CAGED flow is descriptive and is not this coefficient.",RAIS,15_17,stock,false,"CAGED 2025 flow context only, not a RAIS-stock model: occupations: 411005 Auxiliar de escritório (2277 adjusted events); 411010 Assistente administrativo (1190 adjusted events); 784105 Embalador, a mão (862 adjusted events); sectors: 4711302 Comércio varejista de mercadorias em geral, com predominância de produtos alimentícios - supermercados (1067 adjusted events); 4711301 Comércio varejista de mercadorias em geral, com predominância de produtos alimentícios - hipermercados (612 adjusted events); 1531901 Fabricação de calçados de couro (438 adjusted events).",true,false,Job 3 dominant absolute RAIS 15-17 change: Novo Hamburgo +534; no joint work-education concentration threshold was preregistered.,"All ten Vale municipalities had RAIS 15-17 growth while medium dropout and distortion fell; 2025 levels differ, but no overlap threshold was preregistered.",false
dropout_rate_percent,log1p_rais_15_17,medio,total (high school),education=school_location total; work=workplace_municipality,2019-2025,0,H3-medio-dropout_rate_percent-S1-EXCLUDE_SMALL_POPULATION_DECILE,S1_RAIS_15_17,EXCLUDE_SMALL_POPULATION_DECILE,-0.238617169373186,outcome percentage points per 1 unit of log1p(RAIS active bonds),0.238617169373186,negative,0.4185525084786982,0.6043869125092093,2957,462,unweighted,false,true,sensitivity,true,"[0.091846111385966905,0.97316443657064355]",-0.2962315197354137,-0.2763690007730078,-0.4129049664123041,Nova Santa Rita RAIS 15_17: 104 -> 172 (65.38%); medium distortion 43.3% -> 24.8% (-18.5 pp); coexistence only.,"Joint work-education monitoring by municipality and age group; no individual, causal, sector-specific RAIS-stock or network-specific decision follows.",ecological municipality-year match; workplace RAIS stock versus school-location education outcome; executed years=2019-2025,"Formal work only; no same-person, first-employment, informality, unemployment or causal inference. CAGED flow is descriptive and is not this coefficient.",RAIS,15_17,stock,false,"CAGED 2025 flow context only, not a RAIS-stock model: occupations: 411005 Auxiliar de escritório (2277 adjusted events); 411010 Assistente administrativo (1190 adjusted events); 784105 Embalador, a mão (862 adjusted events); sectors: 4711302 Comércio varejista de mercadorias em geral, com predominância de produtos alimentícios - supermercados (1067 adjusted events); 4711301 Comércio varejista de mercadorias em geral, com predominância de produtos alimentícios - hipermercados (612 adjusted events); 1531901 Fabricação de calçados de couro (438 adjusted events).",false,false,Job 3 dominant absolute RAIS 15-17 change: Novo Hamburgo +534; no joint work-education concentration threshold was preregistered.,"All ten Vale municipalities had RAIS 15-17 growth while medium dropout and distortion fell; 2025 levels differ, but no overlap threshold was preregistered.",false
dropout_rate_percent,log1p_rais_15_17,medio,total (high school),education=school_location total; work=workplace_municipality,2020-2025,1,H3-medio-dropout_rate_percent-S1-LAG1,S1_RAIS_15_17,LAG_1,-0.4888833606938279,outcome percentage points per 1 unit of log1p(RAIS active bonds),0.4888833606938279,negative,0.0709711732833035,0.2018795508136108,2731,492,unweighted,false,true,sensitivity,true,"[0.091846111385966905,0.97316443657064355]",-0.2962315197354137,-0.2763690007730078,-0.4129049664123041,Nova Santa Rita RAIS 15_17: 104 -> 172 (65.38%); medium distortion 43.3% -> 24.8% (-18.5 pp); coexistence only.,"Joint work-education monitoring by municipality and age group; no individual, causal, sector-specific RAIS-stock or network-specific decision follows.",ecological municipality-year match; workplace RAIS stock versus school-location education outcome; executed years=2020-2025,"Formal work only; no same-person, first-employment, informality, unemployment or causal inference. CAGED flow is descriptive and is not this coefficient.",RAIS,15_17,stock,false,"CAGED 2025 flow context only, not a RAIS-stock model: occupations: 411005 Auxiliar de escritório (2277 adjusted events); 411010 Assistente administrativo (1190 adjusted events); 784105 Embalador, a mão (862 adjusted events); sectors: 4711302 Comércio varejista de mercadorias em geral, com predominância de produtos alimentícios - supermercados (1067 adjusted events); 4711301 Comércio varejista de mercadorias em geral, com predominância de produtos alimentícios - hipermercados (612 adjusted events); 1531901 Fabricação de calçados de couro (438 adjusted events).",false,false,Job 3 dominant absolute RAIS 15-17 change: Novo Hamburgo +534; no joint work-education concentration threshold was preregistered.,"All ten Vale municipalities had RAIS 15-17 growth while medium dropout and distortion fell; 2025 levels differ, but no overlap threshold was preregistered.",false
dropout_rate_percent,log1p_rais_15_17,medio,total (high school),education=school_location total; work=workplace_municipality,2021-2025,2,H3-medio-dropout_rate_percent-S1-LAG2,S1_RAIS_15_17,LAG_2,-0.1875048422970277,outcome percentage points per 1 unit of log1p(RAIS active bonds),0.1875048422970277,negative,0.5969603068805839,0.6682391494931909,2268,490,unweighted,false,true,sensitivity,true,"[0.091846111385966905,0.97316443657064355]",-0.2962315197354137,-0.2763690007730078,-0.4129049664123041,Nova Santa Rita RAIS 15_17: 104 -> 172 (65.38%); medium distortion 43.3% -> 24.8% (-18.5 pp); coexistence only.,"Joint work-education monitoring by municipality and age group; no individual, causal, sector-specific RAIS-stock or network-specific decision follows.",ecological municipality-year match; workplace RAIS stock versus school-location education outcome; executed years=2021-2025,"Formal work only; no same-person, first-employment, informality, unemployment or causal inference. CAGED flow is descriptive and is not this coefficient.",RAIS,15_17,stock,false,"CAGED 2025 flow context only, not a RAIS-stock model: occupations: 411005 Auxiliar de escritório (2277 adjusted events); 411010 Assistente administrativo (1190 adjusted events); 784105 Embalador, a mão (862 adjusted events); sectors: 4711302 Comércio varejista de mercadorias em geral, com predominância de produtos alimentícios - supermercados (1067 adjusted events); 4711301 Comércio varejista de mercadorias em geral, com predominância de produtos alimentícios - hipermercados (612 adjusted events); 1531901 Fabricação de calçados de couro (438 adjusted events).",false,false,Job 3 dominant absolute RAIS 15-17 change: Novo Hamburgo +534; no joint work-education concentration threshold was preregistered.,"All ten Vale municipalities had RAIS 15-17 growth while medium dropout and distortion fell; 2025 levels differ, but no overlap threshold was preregistered.",false
dropout_rate_percent,log1p_rais_15_17,medio,total (high school),education=school_location total; work=workplace_municipality,2019-2025,0,H3-medio-dropout_rate_percent-S1-LOO-4303905,S1_RAIS_15_17,LEAVE_OUT_VALE_4303905,-0.2943150703534439,outcome percentage points per 1 unit of log1p(RAIS active bonds),0.2943150703534439,negative,0.2689886333165289,0.4586373701592658,3196,492,unweighted,false,true,sensitivity,true,"[0.091846111385966905,0.97316443657064355]",-0.2962315197354137,-0.2763690007730078,-0.4129049664123041,Nova Santa Rita RAIS 15_17: 104 -> 172 (65.38%); medium distortion 43.3% -> 24.8% (-18.5 pp); coexistence only.,"Joint work-education monitoring by municipality and age group; no individual, causal, sector-specific RAIS-stock or network-specific decision follows.",ecological municipality-year match; workplace RAIS stock versus school-location education outcome; executed years=2019-2025,"Formal work only; no same-person, first-employment, informality, unemployment or causal inference. CAGED flow is descriptive and is not this coefficient.",RAIS,15_17,stock,false,"CAGED 2025 flow context only, not a RAIS-stock model: occupations: 411005 Auxiliar de escritório (2277 adjusted events); 411010 Assistente administrativo (1190 adjusted events); 784105 Embalador, a mão (862 adjusted events); sectors: 4711302 Comércio varejista de mercadorias em geral, com predominância de produtos alimentícios - supermercados (1067 adjusted events); 4711301 Comércio varejista de mercadorias em geral, com predominância de produtos alimentícios - hipermercados (612 adjusted events); 1531901 Fabricação de calçados de couro (438 adjusted events).",false,false,Job 3 dominant absolute RAIS 15-17 change: Novo Hamburgo +534; no joint work-education concentration threshold was preregistered.,"All ten Vale municipalities had RAIS 15-17 growth while medium dropout and distortion fell; 2025 levels differ, but no overlap threshold was preregistered.",false
dropout_rate_percent,log1p_rais_15_17,medio,total (high school),education=school_location total; work=workplace_municipality,2019-2025,0,H3-medio-dropout_rate_percent-S1-LOO-4306403,S1_RAIS_15_17,LEAVE_OUT_VALE_4306403,-0.2962315197354137,outcome percentage points per 1 unit of log1p(RAIS active bonds),0.2962315197354137,negative,0.265993015024601,0.4586373701592658,3196,492,unweighted,false,true,sensitivity,true,"[0.091846111385966905,0.97316443657064355]",-0.2962315197354137,-0.2763690007730078,-0.4129049664123041,Nova Santa Rita RAIS 15_17: 104 -> 172 (65.38%); medium distortion 43.3% -> 24.8% (-18.5 pp); coexistence only.,"Joint work-education monitoring by municipality and age group; no individual, causal, sector-specific RAIS-stock or network-specific decision follows.",ecological municipality-year match; workplace RAIS stock versus school-location education outcome; executed years=2019-2025,"Formal work only; no same-person, first-employment, informality, unemployment or causal inference. CAGED flow is descriptive and is not this coefficient.",RAIS,15_17,stock,false,"CAGED 2025 flow context only, not a RAIS-stock model: occupations: 411005 Auxiliar de escritório (2277 adjusted events); 411010 Assistente administrativo (1190 adjusted events); 784105 Embalador, a mão (862 adjusted events); sectors: 4711302 Comércio varejista de mercadorias em geral, com predominância de produtos alimentícios - supermercados (1067 adjusted events); 4711301 Comércio varejista de mercadorias em geral, com predominância de produtos alimentícios - hipermercados (612 adjusted events); 1531901 Fabricação de calçados de couro (438 adjusted events).",false,false,Job 3 dominant absolute RAIS 15-17 change: Novo Hamburgo +534; no joint work-education concentration threshold was preregistered.,"All ten Vale municipalities had RAIS 15-17 growth while medium dropout and distortion fell; 2025 levels differ, but no overlap threshold was preregistered.",false
dropout_rate_percent,log1p_rais_15_17,medio,total (high school),education=school_location total; work=workplace_municipality,2019-2025,0,H3-medio-dropout_rate_percent-S1-LOO-4307609,S1_RAIS_15_17,LEAVE_OUT_VALE_4307609,-0.2856255485050186,outcome percentage points per 1 unit of log1p(RAIS active bonds),0.2856255485050186,negative,0.2834179713868708,0.4586373701592658,3196,492,unweighted,false,true,sensitivity,true,"[0.091846111385966905,0.97316443657064355]",-0.2962315197354137,-0.2763690007730078,-0.4129049664123041,Nova Santa Rita RAIS 15_17: 104 -> 172 (65.38%); medium distortion 43.3% -> 24.8% (-18.5 pp); coexistence only.,"Joint work-education monitoring by municipality and age group; no individual, causal, sector-specific RAIS-stock or network-specific decision follows.",ecological municipality-year match; workplace RAIS stock versus school-location education outcome; executed years=2019-2025,"Formal work only; no same-person, first-employment, informality, unemployment or causal inference. CAGED flow is descriptive and is not this coefficient.",RAIS,15_17,stock,false,"CAGED 2025 flow context only, not a RAIS-stock model: occupations: 411005 Auxiliar de escritório (2277 adjusted events); 411010 Assistente administrativo (1190 adjusted events); 784105 Embalador, a mão (862 adjusted events); sectors: 4711302 Comércio varejista de mercadorias em geral, com predominância de produtos alimentícios - supermercados (1067 adjusted events); 4711301 Comércio varejista de mercadorias em geral, com predominância de produtos alimentícios - hipermercados (612 adjusted events); 1531901 Fabricação de calçados de couro (438 adjusted events).",false,false,Job 3 dominant absolute RAIS 15-17 change: Novo Hamburgo +534; no joint work-education concentration threshold was preregistered.,"All ten Vale municipalities had RAIS 15-17 growth while medium dropout and distortion fell; 2025 levels differ, but no overlap threshold was preregistered.",false
dropout_rate_percent,log1p_rais_15_17,medio,total (high school),education=school_location total; work=workplace_municipality,2019-2025,0,H3-medio-dropout_rate_percent-S1-LOO-4307708,S1_RAIS_15_17,LEAVE_OUT_VALE_4307708,-0.2860717669507376,outcome percentage points per 1 unit of log1p(RAIS active bonds),0.2860717669507376,negative,0.2829547410349929,0.4586373701592658,3196,492,unweighted,false,true,sensitivity,true,"[0.091846111385966905,0.97316443657064355]",-0.2962315197354137,-0.2763690007730078,-0.4129049664123041,Nova Santa Rita RAIS 15_17: 104 -> 172 (65.38%); medium distortion 43.3% -> 24.8% (-18.5 pp); coexistence only.,"Joint work-education monitoring by municipality and age group; no individual, causal, sector-specific RAIS-stock or network-specific decision follows.",ecological municipality-year match; workplace RAIS stock versus school-location education outcome; executed years=2019-2025,"Formal work only; no same-person, first-employment, informality, unemployment or causal inference. CAGED flow is descriptive and is not this coefficient.",RAIS,15_17,stock,false,"CAGED 2025 flow context only, not a RAIS-stock model: occupations: 411005 Auxiliar de escritório (2277 adjusted events); 411010 Assistente administrativo (1190 adjusted events); 784105 Embalador, a mão (862 adjusted events); sectors: 4711302 Comércio varejista de mercadorias em geral, com predominância de produtos alimentícios - supermercados (1067 adjusted events); 4711301 Comércio varejista de mercadorias em geral, com predominância de produtos alimentícios - hipermercados (612 adjusted events); 1531901 Fabricação de calçados de couro (438 adjusted events).",false,false,Job 3 dominant absolute RAIS 15-17 change: Novo Hamburgo +534; no joint work-education concentration threshold was preregistered.,"All ten Vale municipalities had RAIS 15-17 growth while medium dropout and distortion fell; 2025 levels differ, but no overlap threshold was preregistered.",false
dropout_rate_percent,log1p_rais_15_17,medio,total (high school),education=school_location total; work=workplace_municipality,2019-2025,0,H3-medio-dropout_rate_percent-S1-LOO-4310801,S1_RAIS_15_17,LEAVE_OUT_VALE_4310801,-0.28538861754681,outcome percentage points per 1 unit of log1p(RAIS active bonds),0.28538861754681,negative,0.2838223521757027,0.4586373701592658,3196,492,unweighted,false,true,sensitivity,true,"[0.091846111385966905,0.97316443657064355]",-0.2962315197354137,-0.2763690007730078,-0.4129049664123041,Nova Santa Rita RAIS 15_17: 104 -> 172 (65.38%); medium distortion 43.3% -> 24.8% (-18.5 pp); coexistence only.,"Joint work-education monitoring by municipality and age group; no individual, causal, sector-specific RAIS-stock or network-specific decision follows.",ecological municipality-year match; workplace RAIS stock versus school-location education outcome; executed years=2019-2025,"Formal work only; no same-person, first-employment, informality, unemployment or causal inference. CAGED flow is descriptive and is not this coefficient.",RAIS,15_17,stock,false,"CAGED 2025 flow context only, not a RAIS-stock model: occupations: 411005 Auxiliar de escritório (2277 adjusted events); 411010 Assistente administrativo (1190 adjusted events); 784105 Embalador, a mão (862 adjusted events); sectors: 4711302 Comércio varejista de mercadorias em geral, com predominância de produtos alimentícios - supermercados (1067 adjusted events); 4711301 Comércio varejista de mercadorias em geral, com predominância de produtos alimentícios - hipermercados (612 adjusted events); 1531901 Fabricação de calçados de couro (438 adjusted events).",false,false,Job 3 dominant absolute RAIS 15-17 change: Novo Hamburgo +534; no joint work-education concentration threshold was preregistered.,"All ten Vale municipalities had RAIS 15-17 growth while medium dropout and distortion fell; 2025 levels differ, but no overlap threshold was preregistered.",false
dropout_rate_percent,log1p_rais_15_17,medio,total (high school),education=school_location total; work=workplace_municipality,2019-2025,0,H3-medio-dropout_rate_percent-S1-LOO-4313375,S1_RAIS_15_17,LEAVE_OUT_VALE_4313375,-0.2763690007730078,outcome percentage points per 1 unit of log1p(RAIS active bonds),0.2763690007730078,negative,0.2989379428751287,0.4670905357423886,3196,492,unweighted,false,true,sensitivity,true,"[0.091846111385966905,0.97316443657064355]",-0.2962315197354137,-0.2763690007730078,-0.4129049664123041,Nova Santa Rita RAIS 15_17: 104 -> 172 (65.38%); medium distortion 43.3% -> 24.8% (-18.5 pp); coexistence only.,"Joint work-education monitoring by municipality and age group; no individual, causal, sector-specific RAIS-stock or network-specific decision follows.",ecological municipality-year match; workplace RAIS stock versus school-location education outcome; executed years=2019-2025,"Formal work only; no same-person, first-employment, informality, unemployment or causal inference. CAGED flow is descriptive and is not this coefficient.",RAIS,15_17,stock,false,"CAGED 2025 flow context only, not a RAIS-stock model: occupations: 411005 Auxiliar de escritório (2277 adjusted events); 411010 Assistente administrativo (1190 adjusted events); 784105 Embalador, a mão (862 adjusted events); sectors: 4711302 Comércio varejista de mercadorias em geral, com predominância de produtos alimentícios - supermercados (1067 adjusted events); 4711301 Comércio varejista de mercadorias em geral, com predominância de produtos alimentícios - hipermercados (612 adjusted events); 1531901 Fabricação de calçados de couro (438 adjusted events).",false,false,Job 3 dominant absolute RAIS 15-17 change: Novo Hamburgo +534; no joint work-education concentration threshold was preregistered.,"All ten Vale municipalities had RAIS 15-17 growth while medium dropout and distortion fell; 2025 levels differ, but no overlap threshold was preregistered.",false
dropout_rate_percent,log1p_rais_15_17,medio,total (high school),education=school_location total; work=workplace_municipality,2019-2025,0,H3-medio-dropout_rate_percent-S1-LOO-4313409,S1_RAIS_15_17,LEAVE_OUT_VALE_4313409,-0.2887296041520503,outcome percentage points per 1 unit of log1p(RAIS active bonds),0.2887296041520503,negative,0.2781846939634174,0.4586373701592658,3196,492,unweighted,false,true,sensitivity,true,"[0.091846111385966905,0.97316443657064355]",-0.2962315197354137,-0.2763690007730078,-0.4129049664123041,Nova Santa Rita RAIS 15_17: 104 -> 172 (65.38%); medium distortion 43.3% -> 24.8% (-18.5 pp); coexistence only.,"Joint work-education monitoring by municipality and age group; no individual, causal, sector-specific RAIS-stock or network-specific decision follows.",ecological municipality-year match; workplace RAIS stock versus school-location education outcome; executed years=2019-2025,"Formal work only; no same-person, first-employment, informality, unemployment or causal inference. CAGED flow is descriptive and is not this coefficient.",RAIS,15_17,stock,false,"CAGED 2025 flow context only, not a RAIS-stock model: occupations: 411005 Auxiliar de escritório (2277 adjusted events); 411010 Assistente administrativo (1190 adjusted events); 784105 Embalador, a mão (862 adjusted events); sectors: 4711302 Comércio varejista de mercadorias em geral, com predominância de produtos alimentícios - supermercados (1067 adjusted events); 4711301 Comércio varejista de mercadorias em geral, com predominância de produtos alimentícios - hipermercados (612 adjusted events); 1531901 Fabricação de calçados de couro (438 adjusted events).",false,false,Job 3 dominant absolute RAIS 15-17 change: Novo Hamburgo +534; no joint work-education concentration threshold was preregistered.,"All ten Vale municipalities had RAIS 15-17 growth while medium dropout and distortion fell; 2025 levels differ, but no overlap threshold was preregistered.",false
dropout_rate_percent,log1p_rais_15_17,medio,total (high school),education=school_location total; work=workplace_municipality,2019-2025,0,H3-medio-dropout_rate_percent-S1-LOO-4314803,S1_RAIS_15_17,LEAVE_OUT_VALE_4314803,-0.2903789803696713,outcome percentage points per 1 unit of log1p(RAIS active bonds),0.2903789803696713,negative,0.2755509037899483,0.4586373701592658,3196,492,unweighted,false,true,sensitivity,true,"[0.091846111385966905,0.97316443657064355]",-0.2962315197354137,-0.2763690007730078,-0.4129049664123041,Nova Santa Rita RAIS 15_17: 104 -> 172 (65.38%); medium distortion 43.3% -> 24.8% (-18.5 pp); coexistence only.,"Joint work-education monitoring by municipality and age group; no individual, causal, sector-specific RAIS-stock or network-specific decision follows.",ecological municipality-year match; workplace RAIS stock versus school-location education outcome; executed years=2019-2025,"Formal work only; no same-person, first-employment, informality, unemployment or causal inference. CAGED flow is descriptive and is not this coefficient.",RAIS,15_17,stock,false,"CAGED 2025 flow context only, not a RAIS-stock model: occupations: 411005 Auxiliar de escritório (2277 adjusted events); 411010 Assistente administrativo (1190 adjusted events); 784105 Embalador, a mão (862 adjusted events); sectors: 4711302 Comércio varejista de mercadorias em geral, com predominância de produtos alimentícios - supermercados (1067 adjusted events); 4711301 Comércio varejista de mercadorias em geral, com predominância de produtos alimentícios - hipermercados (612 adjusted events); 1531901 Fabricação de calçados de couro (438 adjusted events).",false,false,Job 3 dominant absolute RAIS 15-17 change: Novo Hamburgo +534; no joint work-education concentration threshold was preregistered.,"All ten Vale municipalities had RAIS 15-17 growth while medium dropout and distortion fell; 2025 levels differ, but no overlap threshold was preregistered.",false
dropout_rate_percent,log1p_rais_15_17,medio,total (high school),education=school_location total; work=workplace_municipality,2019-2025,0,H3-medio-dropout_rate_percent-S1-LOO-4318705,S1_RAIS_15_17,LEAVE_OUT_VALE_4318705,-0.289850573587787,outcome percentage points per 1 unit of log1p(RAIS active bonds),0.289850573587787,negative,0.2763332601993466,0.4586373701592658,3196,492,unweighted,false,true,sensitivity,true,"[0.091846111385966905,0.97316443657064355]",-0.2962315197354137,-0.2763690007730078,-0.4129049664123041,Nova Santa Rita RAIS 15_17: 104 -> 172 (65.38%); medium distortion 43.3% -> 24.8% (-18.5 pp); coexistence only.,"Joint work-education monitoring by municipality and age group; no individual, causal, sector-specific RAIS-stock or network-specific decision follows.",ecological municipality-year match; workplace RAIS stock versus school-location education outcome; executed years=2019-2025,"Formal work only; no same-person, first-employment, informality, unemployment or causal inference. CAGED flow is descriptive and is not this coefficient.",RAIS,15_17,stock,false,"CAGED 2025 flow context only, not a RAIS-stock model: occupations: 411005 Auxiliar de escritório (2277 adjusted events); 411010 Assistente administrativo (1190 adjusted events); 784105 Embalador, a mão (862 adjusted events); sectors: 4711302 Comércio varejista de mercadorias em geral, com predominância de produtos alimentícios - supermercados (1067 adjusted events); 4711301 Comércio varejista de mercadorias em geral, com predominância de produtos alimentícios - hipermercados (612 adjusted events); 1531901 Fabricação de calçados de couro (438 adjusted events).",false,false,Job 3 dominant absolute RAIS 15-17 change: Novo Hamburgo +534; no joint work-education concentration threshold was preregistered.,"All ten Vale municipalities had RAIS 15-17 growth while medium dropout and distortion fell; 2025 levels differ, but no overlap threshold was preregistered.",false
dropout_rate_percent,log1p_rais_15_17,medio,total (high school),education=school_location total; work=workplace_municipality,2019-2025,0,H3-medio-dropout_rate_percent-S1-LOO-4320008,S1_RAIS_15_17,LEAVE_OUT_VALE_4320008,-0.2915250000460315,outcome percentage points per 1 unit of log1p(RAIS active bonds),0.2915250000460315,negative,0.273637172123303,0.4586373701592658,3196,492,unweighted,false,true,sensitivity,true,"[0.091846111385966905,0.97316443657064355]",-0.2962315197354137,-0.2763690007730078,-0.4129049664123041,Nova Santa Rita RAIS 15_17: 104 -> 172 (65.38%); medium distortion 43.3% -> 24.8% (-18.5 pp); coexistence only.,"Joint work-education monitoring by municipality and age group; no individual, causal, sector-specific RAIS-stock or network-specific decision follows.",ecological municipality-year match; workplace RAIS stock versus school-location education outcome; executed years=2019-2025,"Formal work only; no same-person, first-employment, informality, unemployment or causal inference. CAGED flow is descriptive and is not this coefficient.",RAIS,15_17,stock,false,"CAGED 2025 flow context only, not a RAIS-stock model: occupations: 411005 Auxiliar de escritório (2277 adjusted events); 411010 Assistente administrativo (1190 adjusted events); 784105 Embalador, a mão (862 adjusted events); sectors: 4711302 Comércio varejista de mercadorias em geral, com predominância de produtos alimentícios - supermercados (1067 adjusted events); 4711301 Comércio varejista de mercadorias em geral, com predominância de produtos alimentícios - hipermercados (612 adjusted events); 1531901 Fabricação de calçados de couro (438 adjusted events).",false,false,Job 3 dominant absolute RAIS 15-17 change: Novo Hamburgo +534; no joint work-education concentration threshold was preregistered.,"All ten Vale municipalities had RAIS 15-17 growth while medium dropout and distortion fell; 2025 levels differ, but no overlap threshold was preregistered.",false
dropout_rate_percent,log1p_rais_15_17,medio,total (high school),education=school_location total; work=workplace_municipality,2019-2025,0,H3-medio-dropout_rate_percent-S1-NO_FE,S1_RAIS_15_17,NO_FE_DIAGNOSTIC,0.2663333739561401,outcome percentage points per 1 unit of log1p(RAIS active bonds),0.2663333739561401,positive,8.284917218641299e-05,0.0012427375827961,3203,493,unweighted,false,false,sensitivity,false,"[0.091846111385966905,0.97316443657064355]",-0.2962315197354137,-0.2763690007730078,-0.4129049664123041,Nova Santa Rita RAIS 15_17: 104 -> 172 (65.38%); medium distortion 43.3% -> 24.8% (-18.5 pp); coexistence only.,"Joint work-education monitoring by municipality and age group; no individual, causal, sector-specific RAIS-stock or network-specific decision follows.",ecological municipality-year match; workplace RAIS stock versus school-location education outcome; executed years=2019-2025,"Formal work only; no same-person, first-employment, informality, unemployment or causal inference. CAGED flow is descriptive and is not this coefficient.",RAIS,15_17,stock,false,"CAGED 2025 flow context only, not a RAIS-stock model: occupations: 411005 Auxiliar de escritório (2277 adjusted events); 411010 Assistente administrativo (1190 adjusted events); 784105 Embalador, a mão (862 adjusted events); sectors: 4711302 Comércio varejista de mercadorias em geral, com predominância de produtos alimentícios - supermercados (1067 adjusted events); 4711301 Comércio varejista de mercadorias em geral, com predominância de produtos alimentícios - hipermercados (612 adjusted events); 1531901 Fabricação de calçados de couro (438 adjusted events).",false,false,Job 3 dominant absolute RAIS 15-17 change: Novo Hamburgo +534; no joint work-education concentration threshold was preregistered.,"All ten Vale municipalities had RAIS 15-17 growth while medium dropout and distortion fell; 2025 levels differ, but no overlap threshold was preregistered.",false
dropout_rate_percent,log1p_rais_15_17,medio,total (high school),education=school_location total; work=workplace_municipality,2019-2025,0,H3-medio-dropout_rate_percent-S1-POPULATION_WEIGHTED,S1_RAIS_15_17,POPULATION_WEIGHTED,-0.5267372557535751,outcome percentage points per 1 unit of log1p(RAIS active bonds),0.5267372557535751,negative,0.1330745301964856,0.3457225254722347,3203,493,population_15_17,false,true,sensitivity,true,"[0.091846111385966905,0.97316443657064355]",-0.2962315197354137,-0.2763690007730078,-0.4129049664123041,Nova Santa Rita RAIS 15_17: 104 -> 172 (65.38%); medium distortion 43.3% -> 24.8% (-18.5 pp); coexistence only.,"Joint work-education monitoring by municipality and age group; no individual, causal, sector-specific RAIS-stock or network-specific decision follows.",ecological municipality-year match; workplace RAIS stock versus school-location education outcome; executed years=2019-2025,"Formal work only; no same-person, first-employment, informality, unemployment or causal inference. CAGED flow is descriptive and is not this coefficient.",RAIS,15_17,stock,false,"CAGED 2025 flow context only, not a RAIS-stock model: occupations: 411005 Auxiliar de escritório (2277 adjusted events); 411010 Assistente administrativo (1190 adjusted events); 784105 Embalador, a mão (862 adjusted events); sectors: 4711302 Comércio varejista de mercadorias em geral, com predominância de produtos alimentícios - supermercados (1067 adjusted events); 4711301 Comércio varejista de mercadorias em geral, com predominância de produtos alimentícios - hipermercados (612 adjusted events); 1531901 Fabricação de calçados de couro (438 adjusted events).",false,false,Job 3 dominant absolute RAIS 15-17 change: Novo Hamburgo +534; no joint work-education concentration threshold was preregistered.,"All ten Vale municipalities had RAIS 15-17 growth while medium dropout and distortion fell; 2025 levels differ, but no overlap threshold was preregistered.",false
dropout_rate_percent,log1p_rais_15_17,medio,total (high school),education=school_location total; work=workplace_municipality,2019-2025,0,H3-medio-dropout_rate_percent-S1-VALE_ONLY,S1_RAIS_15_17,VALE_ONLY,-0.9731644365706436,outcome percentage points per 1 unit of log1p(RAIS active bonds),0.9731644365706436,negative,0.7924173636317342,0.8254347537830564,70,10,unweighted,false,true,sensitivity,true,"[0.091846111385966905,0.97316443657064355]",-0.2962315197354137,-0.2763690007730078,-0.4129049664123041,Nova Santa Rita RAIS 15_17: 104 -> 172 (65.38%); medium distortion 43.3% -> 24.8% (-18.5 pp); coexistence only.,"Joint work-education monitoring by municipality and age group; no individual, causal, sector-specific RAIS-stock or network-specific decision follows.",ecological municipality-year match; workplace RAIS stock versus school-location education outcome; executed years=2019-2025,"Formal work only; no same-person, first-employment, informality, unemployment or causal inference. CAGED flow is descriptive and is not this coefficient.",RAIS,15_17,stock,false,"CAGED 2025 flow context only, not a RAIS-stock model: occupations: 411005 Auxiliar de escritório (2277 adjusted events); 411010 Assistente administrativo (1190 adjusted events); 784105 Embalador, a mão (862 adjusted events); sectors: 4711302 Comércio varejista de mercadorias em geral, com predominância de produtos alimentícios - supermercados (1067 adjusted events); 4711301 Comércio varejista de mercadorias em geral, com predominância de produtos alimentícios - hipermercados (612 adjusted events); 1531901 Fabricação de calçados de couro (438 adjusted events).",false,true,Job 3 dominant absolute RAIS 15-17 change: Novo Hamburgo +534; no joint work-education concentration threshold was preregistered.,"All ten Vale municipalities had RAIS 15-17 growth while medium dropout and distortion fell; 2025 levels differ, but no overlap threshold was preregistered.",false
dropout_rate_percent,log1p_rais_15_17,medio,total (high school),education=school_location total; work=workplace_municipality,2019-2023,0,H3-medio-dropout_rate_percent-S1-WITH_INSE,S1_RAIS_15_17,WITH_INSE,0.0918461113859669,outcome percentage points per 1 unit of log1p(RAIS active bonds),0.0918461113859669,positive,0.8489020500074628,0.8603736993318879,1358,484,unweighted,true,true,sensitivity,false,"[0.091846111385966905,0.97316443657064355]",-0.2962315197354137,-0.2763690007730078,-0.4129049664123041,Nova Santa Rita RAIS 15_17: 104 -> 172 (65.38%); medium distortion 43.3% -> 24.8% (-18.5 pp); coexistence only.,"Joint work-education monitoring by municipality and age group; no individual, causal, sector-specific RAIS-stock or network-specific decision follows.",ecological municipality-year match; workplace RAIS stock versus school-location education outcome; executed years=2019-2023,"Formal work only; no same-person, first-employment, informality, unemployment or causal inference. CAGED flow is descriptive and is not this coefficient.",RAIS,15_17,stock,false,"CAGED 2025 flow context only, not a RAIS-stock model: occupations: 411005 Auxiliar de escritório (2277 adjusted events); 411010 Assistente administrativo (1190 adjusted events); 784105 Embalador, a mão (862 adjusted events); sectors: 4711302 Comércio varejista de mercadorias em geral, com predominância de produtos alimentícios - supermercados (1067 adjusted events); 4711301 Comércio varejista de mercadorias em geral, com predominância de produtos alimentícios - hipermercados (612 adjusted events); 1531901 Fabricação de calçados de couro (438 adjusted events).",false,false,Job 3 dominant absolute RAIS 15-17 change: Novo Hamburgo +534; no joint work-education concentration threshold was preregistered.,"All ten Vale municipalities had RAIS 15-17 growth while medium dropout and distortion fell; 2025 levels differ, but no overlap threshold was preregistered.",false
dropout_rate_percent,log1p_rais_15_17,medio,total (high school),education=school_location total; work=workplace_municipality,2019-2025,0,H3-medio-dropout_rate_percent-S1_RAIS_15_17,S1_RAIS_15_17,MAIN_2019_2025,-0.2887893627871958,outcome percentage points per 1 unit of log1p(RAIS active bonds),0.2887893627871958,negative,0.2780506393537872,0.4586373701592658,3203,493,unweighted,false,true,main,true,"[0.091846111385966905,0.97316443657064355]",-0.2962315197354137,-0.2763690007730078,-0.4129049664123041,Nova Santa Rita RAIS 15_17: 104 -> 172 (65.38%); medium distortion 43.3% -> 24.8% (-18.5 pp); coexistence only.,"Joint work-education monitoring by municipality and age group; no individual, causal, sector-specific RAIS-stock or network-specific decision follows.",ecological municipality-year match; workplace RAIS stock versus school-location education outcome; executed years=2019-2025,"Formal work only; no same-person, first-employment, informality, unemployment or causal inference. CAGED flow is descriptive and is not this coefficient.",RAIS,15_17,stock,false,"CAGED 2025 flow context only, not a RAIS-stock model: occupations: 411005 Auxiliar de escritório (2277 adjusted events); 411010 Assistente administrativo (1190 adjusted events); 784105 Embalador, a mão (862 adjusted events); sectors: 4711302 Comércio varejista de mercadorias em geral, com predominância de produtos alimentícios - supermercados (1067 adjusted events); 4711301 Comércio varejista de mercadorias em geral, com predominância de produtos alimentícios - hipermercados (612 adjusted events); 1531901 Fabricação de calçados de couro (438 adjusted events).",false,false,Job 3 dominant absolute RAIS 15-17 change: Novo Hamburgo +534; no joint work-education concentration threshold was preregistered.,"All ten Vale municipalities had RAIS 15-17 growth while medium dropout and distortion fell; 2025 levels differ, but no overlap threshold was preregistered.",false
dropout_rate_percent,log1p_rais_15_17,medio,total (high school),education=school_location total; work=workplace_municipality,2019-2025,0,H3-medio-dropout_rate_percent-S2_RAIS_15_17_POPULATION,S2_RAIS_15_17_POPULATION,MAIN_2019_2025,-0.2931126659914827,outcome percentage points per 1 unit of log1p(RAIS active bonds),0.2931126659914827,negative,0.2695907454463334,0.4586373701592658,3203,493,unweighted,false,true,main,true,"[0.29311266599148272,0.29311266599148272]",not_executed_for_relation,not_executed_for_relation,not_executed_for_relation,Nova Santa Rita RAIS 15_17: 104 -> 172 (65.38%); medium distortion 43.3% -> 24.8% (-18.5 pp); coexistence only.,"Joint work-education monitoring by municipality and age group; no individual, causal, sector-specific RAIS-stock or network-specific decision follows.",ecological municipality-year match; workplace RAIS stock versus school-location education outcome; executed years=2019-2025,"Formal work only; no same-person, first-employment, informality, unemployment or causal inference. CAGED flow is descriptive and is not this coefficient.",RAIS,15_17,stock,true,"CAGED 2025 flow context only, not a RAIS-stock model: occupations: 411005 Auxiliar de escritório (2277 adjusted events); 411010 Assistente administrativo (1190 adjusted events); 784105 Embalador, a mão (862 adjusted events); sectors: 4711302 Comércio varejista de mercadorias em geral, com predominância de produtos alimentícios - supermercados (1067 adjusted events); 4711301 Comércio varejista de mercadorias em geral, com predominância de produtos alimentícios - hipermercados (612 adjusted events); 1531901 Fabricação de calçados de couro (438 adjusted events).",false,false,Job 3 dominant absolute RAIS 15-17 change: Novo Hamburgo +534; no joint work-education concentration threshold was preregistered.,"All ten Vale municipalities had RAIS 15-17 growth while medium dropout and distortion fell; 2025 levels differ, but no overlap threshold was preregistered.",false
dropout_rate_percent,log1p_rais_18_24,medio,total (high school),education=school_location total; work=workplace_municipality,2019-2025,0,H3-medio-dropout_rate_percent-S3_RAIS_18_24_DIAGNOSTIC,S3_RAIS_18_24_DIAGNOSTIC,MAIN_2019_2025,0.8661556368847102,outcome percentage points per 1 unit of log1p(RAIS active bonds),0.8661556368847102,positive,0.0726766382928998,0.2018795508136108,3472,496,unweighted,false,true,main,true,"[0.8661556368847102,0.8661556368847102]",not_executed_for_relation,not_executed_for_relation,not_executed_for_relation,Nova Santa Rita RAIS 18_24: 1117 -> 1638 (46.64%); medium distortion 43.3% -> 24.8% (-18.5 pp); coexistence only.,"Joint work-education monitoring by municipality and age group; no individual, causal, sector-specific RAIS-stock or network-specific decision follows.",ecological municipality-year match; workplace RAIS stock versus school-location education outcome; executed years=2019-2025,"Formal work only; no same-person, first-employment, informality, unemployment or causal inference. CAGED flow is descriptive and is not this coefficient.",RAIS,18_24,stock,false,"CAGED 2025 flow context only, not a RAIS-stock model: occupations: 784205 Alimentador de linha de produção (6821 adjusted events); 521110 Vendedor de comércio varejista (4657 adjusted events); 421125 Operador de caixa (4212 adjusted events); sectors: 4711302 Comércio varejista de mercadorias em geral, com predominância de produtos alimentícios - supermercados (4830 adjusted events); 8220200 Atividades de teleatendimento (2303 adjusted events); 4930202 Transporte rodoviário de carga, exceto produtos perigosos e mudanças, intermunicipal, interestadual e internacional (2043 adjusted events).",false,false,Job 3 dominant absolute RAIS 15-17 change: Novo Hamburgo +534; no joint work-education concentration threshold was preregistered.,"All ten Vale municipalities had RAIS 15-17 growth while medium dropout and distortion fell; 2025 levels differ, but no overlap threshold was preregistered.",false
failure_rate_percent,log1p_rais_15_17,medio,total (high school),education=school_location total; work=workplace_municipality,2019;2022-2025,0,H3-medio-failure_rate_percent-S1-EXCLUDE_2020_2021,S1_RAIS_15_17,EXCLUDE_2020_2021,0.199935547264823,outcome percentage points per 1 unit of log1p(RAIS active bonds),0.199935547264823,positive,0.6256292909221123,0.6900323061640945,2298,490,unweighted,false,true,sensitivity,true,"[0.1410806203591819,2.562419152394944]",0.1757282161279647,0.192314615033749,0.199935547264823,Nova Santa Rita RAIS 15_17: 104 -> 172 (65.38%); medium distortion 43.3% -> 24.8% (-18.5 pp); coexistence only.,"Joint work-education monitoring by municipality and age group; no individual, causal, sector-specific RAIS-stock or network-specific decision follows.",ecological municipality-year match; workplace RAIS stock versus school-location education outcome; executed years=2019;2022-2025,"Formal work only; no same-person, first-employment, informality, unemployment or causal inference. CAGED flow is descriptive and is not this coefficient.",RAIS,15_17,stock,false,"CAGED 2025 flow context only, not a RAIS-stock model: occupations: 411005 Auxiliar de escritório (2277 adjusted events); 411010 Assistente administrativo (1190 adjusted events); 784105 Embalador, a mão (862 adjusted events); sectors: 4711302 Comércio varejista de mercadorias em geral, com predominância de produtos alimentícios - supermercados (1067 adjusted events); 4711301 Comércio varejista de mercadorias em geral, com predominância de produtos alimentícios - hipermercados (612 adjusted events); 1531901 Fabricação de calçados de couro (438 adjusted events).",false,false,Job 3 dominant absolute RAIS 15-17 change: Novo Hamburgo +534; no joint work-education concentration threshold was preregistered.,"All ten Vale municipalities had RAIS 15-17 growth while medium dropout and distortion fell; 2025 levels differ, but no overlap threshold was preregistered.",false
failure_rate_percent,log1p_rais_15_17,medio,total (high school),education=school_location total; work=workplace_municipality,2019-2025,0,H3-medio-failure_rate_percent-S1-EXCLUDE_LARGEST_RS_10,S1_RAIS_15_17,EXCLUDE_LARGEST_RS_10,0.1683082900207314,outcome percentage points per 1 unit of log1p(RAIS active bonds),0.1683082900207314,positive,0.529766006960336,0.6208195394066438,3133,483,unweighted,false,true,sensitivity,true,"[0.1410806203591819,2.562419152394944]",0.1757282161279647,0.192314615033749,0.199935547264823,Nova Santa Rita RAIS 15_17: 104 -> 172 (65.38%); medium distortion 43.3% -> 24.8% (-18.5 pp); coexistence only.,"Joint work-education monitoring by municipality and age group; no individual, causal, sector-specific RAIS-stock or network-specific decision follows.",ecological municipality-year match; workplace RAIS stock versus school-location education outcome; executed years=2019-2025,"Formal work only; no same-person, first-employment, informality, unemployment or causal inference. CAGED flow is descriptive and is not this coefficient.",RAIS,15_17,stock,false,"CAGED 2025 flow context only, not a RAIS-stock model: occupations: 411005 Auxiliar de escritório (2277 adjusted events); 411010 Assistente administrativo (1190 adjusted events); 784105 Embalador, a mão (862 adjusted events); sectors: 4711302 Comércio varejista de mercadorias em geral, com predominância de produtos alimentícios - supermercados (1067 adjusted events); 4711301 Comércio varejista de mercadorias em geral, com predominância de produtos alimentícios - hipermercados (612 adjusted events); 1531901 Fabricação de calçados de couro (438 adjusted events).",true,false,Job 3 dominant absolute RAIS 15-17 change: Novo Hamburgo +534; no joint work-education concentration threshold was preregistered.,"All ten Vale municipalities had RAIS 15-17 growth while medium dropout and distortion fell; 2025 levels differ, but no overlap threshold was preregistered.",false
failure_rate_percent,log1p_rais_15_17,medio,total (high school),education=school_location total; work=workplace_municipality,2019-2025,0,H3-medio-failure_rate_percent-S1-EXCLUDE_SMALL_POPULATION_DECILE,S1_RAIS_15_17,EXCLUDE_SMALL_POPULATION_DECILE,0.403039451866526,outcome percentage points per 1 unit of log1p(RAIS active bonds),0.403039451866526,positive,0.1630734178353381,0.3945324625048503,2957,462,unweighted,false,true,sensitivity,true,"[0.1410806203591819,2.562419152394944]",0.1757282161279647,0.192314615033749,0.199935547264823,Nova Santa Rita RAIS 15_17: 104 -> 172 (65.38%); medium distortion 43.3% -> 24.8% (-18.5 pp); coexistence only.,"Joint work-education monitoring by municipality and age group; no individual, causal, sector-specific RAIS-stock or network-specific decision follows.",ecological municipality-year match; workplace RAIS stock versus school-location education outcome; executed years=2019-2025,"Formal work only; no same-person, first-employment, informality, unemployment or causal inference. CAGED flow is descriptive and is not this coefficient.",RAIS,15_17,stock,false,"CAGED 2025 flow context only, not a RAIS-stock model: occupations: 411005 Auxiliar de escritório (2277 adjusted events); 411010 Assistente administrativo (1190 adjusted events); 784105 Embalador, a mão (862 adjusted events); sectors: 4711302 Comércio varejista de mercadorias em geral, com predominância de produtos alimentícios - supermercados (1067 adjusted events); 4711301 Comércio varejista de mercadorias em geral, com predominância de produtos alimentícios - hipermercados (612 adjusted events); 1531901 Fabricação de calçados de couro (438 adjusted events).",false,false,Job 3 dominant absolute RAIS 15-17 change: Novo Hamburgo +534; no joint work-education concentration threshold was preregistered.,"All ten Vale municipalities had RAIS 15-17 growth while medium dropout and distortion fell; 2025 levels differ, but no overlap threshold was preregistered.",false
failure_rate_percent,log1p_rais_15_17,medio,total (high school),education=school_location total; work=workplace_municipality,2020-2025,1,H3-medio-failure_rate_percent-S1-LAG1,S1_RAIS_15_17,LAG_1,-0.2814928869677743,outcome percentage points per 1 unit of log1p(RAIS active bonds),0.2814928869677743,negative,0.2610486572953155,0.4586373701592658,2731,492,unweighted,false,true,sensitivity,false,"[0.1410806203591819,2.562419152394944]",0.1757282161279647,0.192314615033749,0.199935547264823,Nova Santa Rita RAIS 15_17: 104 -> 172 (65.38%); medium distortion 43.3% -> 24.8% (-18.5 pp); coexistence only.,"Joint work-education monitoring by municipality and age group; no individual, causal, sector-specific RAIS-stock or network-specific decision follows.",ecological municipality-year match; workplace RAIS stock versus school-location education outcome; executed years=2020-2025,"Formal work only; no same-person, first-employment, informality, unemployment or causal inference. CAGED flow is descriptive and is not this coefficient.",RAIS,15_17,stock,false,"CAGED 2025 flow context only, not a RAIS-stock model: occupations: 411005 Auxiliar de escritório (2277 adjusted events); 411010 Assistente administrativo (1190 adjusted events); 784105 Embalador, a mão (862 adjusted events); sectors: 4711302 Comércio varejista de mercadorias em geral, com predominância de produtos alimentícios - supermercados (1067 adjusted events); 4711301 Comércio varejista de mercadorias em geral, com predominância de produtos alimentícios - hipermercados (612 adjusted events); 1531901 Fabricação de calçados de couro (438 adjusted events).",false,false,Job 3 dominant absolute RAIS 15-17 change: Novo Hamburgo +534; no joint work-education concentration threshold was preregistered.,"All ten Vale municipalities had RAIS 15-17 growth while medium dropout and distortion fell; 2025 levels differ, but no overlap threshold was preregistered.",false
failure_rate_percent,log1p_rais_15_17,medio,total (high school),education=school_location total; work=workplace_municipality,2021-2025,2,H3-medio-failure_rate_percent-S1-LAG2,S1_RAIS_15_17,LAG_2,0.3736942263850054,outcome percentage points per 1 unit of log1p(RAIS active bonds),0.3736942263850054,positive,0.2126476384197553,0.4586373701592658,2268,490,unweighted,false,true,sensitivity,true,"[0.1410806203591819,2.562419152394944]",0.1757282161279647,0.192314615033749,0.199935547264823,Nova Santa Rita RAIS 15_17: 104 -> 172 (65.38%); medium distortion 43.3% -> 24.8% (-18.5 pp); coexistence only.,"Joint work-education monitoring by municipality and age group; no individual, causal, sector-specific RAIS-stock or network-specific decision follows.",ecological municipality-year match; workplace RAIS stock versus school-location education outcome; executed years=2021-2025,"Formal work only; no same-person, first-employment, informality, unemployment or causal inference. CAGED flow is descriptive and is not this coefficient.",RAIS,15_17,stock,false,"CAGED 2025 flow context only, not a RAIS-stock model: occupations: 411005 Auxiliar de escritório (2277 adjusted events); 411010 Assistente administrativo (1190 adjusted events); 784105 Embalador, a mão (862 adjusted events); sectors: 4711302 Comércio varejista de mercadorias em geral, com predominância de produtos alimentícios - supermercados (1067 adjusted events); 4711301 Comércio varejista de mercadorias em geral, com predominância de produtos alimentícios - hipermercados (612 adjusted events); 1531901 Fabricação de calçados de couro (438 adjusted events).",false,false,Job 3 dominant absolute RAIS 15-17 change: Novo Hamburgo +534; no joint work-education concentration threshold was preregistered.,"All ten Vale municipalities had RAIS 15-17 growth while medium dropout and distortion fell; 2025 levels differ, but no overlap threshold was preregistered.",false
failure_rate_percent,log1p_rais_15_17,medio,total (high school),education=school_location total; work=workplace_municipality,2019-2025,0,H3-medio-failure_rate_percent-S1-LOO-4303905,S1_RAIS_15_17,LEAVE_OUT_VALE_4303905,0.1815004338699099,outcome percentage points per 1 unit of log1p(RAIS active bonds),0.1815004338699099,positive,0.4968233334317233,0.6043869125092093,3196,492,unweighted,false,true,sensitivity,true,"[0.1410806203591819,2.562419152394944]",0.1757282161279647,0.192314615033749,0.199935547264823,Nova Santa Rita RAIS 15_17: 104 -> 172 (65.38%); medium distortion 43.3% -> 24.8% (-18.5 pp); coexistence only.,"Joint work-education monitoring by municipality and age group; no individual, causal, sector-specific RAIS-stock or network-specific decision follows.",ecological municipality-year match; workplace RAIS stock versus school-location education outcome; executed years=2019-2025,"Formal work only; no same-person, first-employment, informality, unemployment or causal inference. CAGED flow is descriptive and is not this coefficient.",RAIS,15_17,stock,false,"CAGED 2025 flow context only, not a RAIS-stock model: occupations: 411005 Auxiliar de escritório (2277 adjusted events); 411010 Assistente administrativo (1190 adjusted events); 784105 Embalador, a mão (862 adjusted events); sectors: 4711302 Comércio varejista de mercadorias em geral, com predominância de produtos alimentícios - supermercados (1067 adjusted events); 4711301 Comércio varejista de mercadorias em geral, com predominância de produtos alimentícios - hipermercados (612 adjusted events); 1531901 Fabricação de calçados de couro (438 adjusted events).",false,false,Job 3 dominant absolute RAIS 15-17 change: Novo Hamburgo +534; no joint work-education concentration threshold was preregistered.,"All ten Vale municipalities had RAIS 15-17 growth while medium dropout and distortion fell; 2025 levels differ, but no overlap threshold was preregistered.",false
failure_rate_percent,log1p_rais_15_17,medio,total (high school),education=school_location total; work=workplace_municipality,2019-2025,0,H3-medio-failure_rate_percent-S1-LOO-4306403,S1_RAIS_15_17,LEAVE_OUT_VALE_4306403,0.1818275852880267,outcome percentage points per 1 unit of log1p(RAIS active bonds),0.1818275852880267,positive,0.4961905022011378,0.6043869125092093,3196,492,unweighted,false,true,sensitivity,true,"[0.1410806203591819,2.562419152394944]",0.1757282161279647,0.192314615033749,0.199935547264823,Nova Santa Rita RAIS 15_17: 104 -> 172 (65.38%); medium distortion 43.3% -> 24.8% (-18.5 pp); coexistence only.,"Joint work-education monitoring by municipality and age group; no individual, causal, sector-specific RAIS-stock or network-specific decision follows.",ecological municipality-year match; workplace RAIS stock versus school-location education outcome; executed years=2019-2025,"Formal work only; no same-person, first-employment, informality, unemployment or causal inference. CAGED flow is descriptive and is not this coefficient.",RAIS,15_17,stock,false,"CAGED 2025 flow context only, not a RAIS-stock model: occupations: 411005 Auxiliar de escritório (2277 adjusted events); 411010 Assistente administrativo (1190 adjusted events); 784105 Embalador, a mão (862 adjusted events); sectors: 4711302 Comércio varejista de mercadorias em geral, com predominância de produtos alimentícios - supermercados (1067 adjusted events); 4711301 Comércio varejista de mercadorias em geral, com predominância de produtos alimentícios - hipermercados (612 adjusted events); 1531901 Fabricação de calçados de couro (438 adjusted events).",false,false,Job 3 dominant absolute RAIS 15-17 change: Novo Hamburgo +534; no joint work-education concentration threshold was preregistered.,"All ten Vale municipalities had RAIS 15-17 growth while medium dropout and distortion fell; 2025 levels differ, but no overlap threshold was preregistered.",false
failure_rate_percent,log1p_rais_15_17,medio,total (high school),education=school_location total; work=workplace_municipality,2019-2025,0,H3-medio-failure_rate_percent-S1-LOO-4307609,S1_RAIS_15_17,LEAVE_OUT_VALE_4307609,0.1813941203139843,outcome percentage points per 1 unit of log1p(RAIS active bonds),0.1813941203139843,positive,0.4969940544505654,0.6043869125092093,3196,492,unweighted,false,true,sensitivity,true,"[0.1410806203591819,2.562419152394944]",0.1757282161279647,0.192314615033749,0.199935547264823,Nova Santa Rita RAIS 15_17: 104 -> 172 (65.38%); medium distortion 43.3% -> 24.8% (-18.5 pp); coexistence only.,"Joint work-education monitoring by municipality and age group; no individual, causal, sector-specific RAIS-stock or network-specific decision follows.",ecological municipality-year match; workplace RAIS stock versus school-location education outcome; executed years=2019-2025,"Formal work only; no same-person, first-employment, informality, unemployment or causal inference. CAGED flow is descriptive and is not this coefficient.",RAIS,15_17,stock,false,"CAGED 2025 flow context only, not a RAIS-stock model: occupations: 411005 Auxiliar de escritório (2277 adjusted events); 411010 Assistente administrativo (1190 adjusted events); 784105 Embalador, a mão (862 adjusted events); sectors: 4711302 Comércio varejista de mercadorias em geral, com predominância de produtos alimentícios - supermercados (1067 adjusted events); 4711301 Comércio varejista de mercadorias em geral, com predominância de produtos alimentícios - hipermercados (612 adjusted events); 1531901 Fabricação de calçados de couro (438 adjusted events).",false,false,Job 3 dominant absolute RAIS 15-17 change: Novo Hamburgo +534; no joint work-education concentration threshold was preregistered.,"All ten Vale municipalities had RAIS 15-17 growth while medium dropout and distortion fell; 2025 levels differ, but no overlap threshold was preregistered.",false
failure_rate_percent,log1p_rais_15_17,medio,total (high school),education=school_location total; work=workplace_municipality,2019-2025,0,H3-medio-failure_rate_percent-S1-LOO-4307708,S1_RAIS_15_17,LEAVE_OUT_VALE_4307708,0.192314615033749,outcome percentage points per 1 unit of log1p(RAIS active bonds),0.192314615033749,positive,0.4714430766922864,0.6043869125092093,3196,492,unweighted,false,true,sensitivity,true,"[0.1410806203591819,2.562419152394944]",0.1757282161279647,0.192314615033749,0.199935547264823,Nova Santa Rita RAIS 15_17: 104 -> 172 (65.38%); medium distortion 43.3% -> 24.8% (-18.5 pp); coexistence only.,"Joint work-education monitoring by municipality and age group; no individual, causal, sector-specific RAIS-stock or network-specific decision follows.",ecological municipality-year match; workplace RAIS stock versus school-location education outcome; executed years=2019-2025,"Formal work only; no same-person, first-employment, informality, unemployment or causal inference. CAGED flow is descriptive and is not this coefficient.",RAIS,15_17,stock,false,"CAGED 2025 flow context only, not a RAIS-stock model: occupations: 411005 Auxiliar de escritório (2277 adjusted events); 411010 Assistente administrativo (1190 adjusted events); 784105 Embalador, a mão (862 adjusted events); sectors: 4711302 Comércio varejista de mercadorias em geral, com predominância de produtos alimentícios - supermercados (1067 adjusted events); 4711301 Comércio varejista de mercadorias em geral, com predominância de produtos alimentícios - hipermercados (612 adjusted events); 1531901 Fabricação de calçados de couro (438 adjusted events).",false,false,Job 3 dominant absolute RAIS 15-17 change: Novo Hamburgo +534; no joint work-education concentration threshold was preregistered.,"All ten Vale municipalities had RAIS 15-17 growth while medium dropout and distortion fell; 2025 levels differ, but no overlap threshold was preregistered.",false
failure_rate_percent,log1p_rais_15_17,medio,total (high school),education=school_location total; work=workplace_municipality,2019-2025,0,H3-medio-failure_rate_percent-S1-LOO-4310801,S1_RAIS_15_17,LEAVE_OUT_VALE_4310801,0.1837101359245606,outcome percentage points per 1 unit of log1p(RAIS active bonds),0.1837101359245606,positive,0.4914707486601188,0.6043869125092093,3196,492,unweighted,false,true,sensitivity,true,"[0.1410806203591819,2.562419152394944]",0.1757282161279647,0.192314615033749,0.199935547264823,Nova Santa Rita RAIS 15_17: 104 -> 172 (65.38%); medium distortion 43.3% -> 24.8% (-18.5 pp); coexistence only.,"Joint work-education monitoring by municipality and age group; no individual, causal, sector-specific RAIS-stock or network-specific decision follows.",ecological municipality-year match; workplace RAIS stock versus school-location education outcome; executed years=2019-2025,"Formal work only; no same-person, first-employment, informality, unemployment or causal inference. CAGED flow is descriptive and is not this coefficient.",RAIS,15_17,stock,false,"CAGED 2025 flow context only, not a RAIS-stock model: occupations: 411005 Auxiliar de escritório (2277 adjusted events); 411010 Assistente administrativo (1190 adjusted events); 784105 Embalador, a mão (862 adjusted events); sectors: 4711302 Comércio varejista de mercadorias em geral, com predominância de produtos alimentícios - supermercados (1067 adjusted events); 4711301 Comércio varejista de mercadorias em geral, com predominância de produtos alimentícios - hipermercados (612 adjusted events); 1531901 Fabricação de calçados de couro (438 adjusted events).",false,false,Job 3 dominant absolute RAIS 15-17 change: Novo Hamburgo +534; no joint work-education concentration threshold was preregistered.,"All ten Vale municipalities had RAIS 15-17 growth while medium dropout and distortion fell; 2025 levels differ, but no overlap threshold was preregistered.",false
failure_rate_percent,log1p_rais_15_17,medio,total (high school),education=school_location total; work=workplace_municipality,2019-2025,0,H3-medio-failure_rate_percent-S1-LOO-4313375,S1_RAIS_15_17,LEAVE_OUT_VALE_4313375,0.1757282161279647,outcome percentage points per 1 unit of log1p(RAIS active bonds),0.1757282161279647,positive,0.5104916594851889,0.6077281660537963,3196,492,unweighted,false,true,sensitivity,true,"[0.1410806203591819,2.562419152394944]",0.1757282161279647,0.192314615033749,0.199935547264823,Nova Santa Rita RAIS 15_17: 104 -> 172 (65.38%); medium distortion 43.3% -> 24.8% (-18.5 pp); coexistence only.,"Joint work-education monitoring by municipality and age group; no individual, causal, sector-specific RAIS-stock or network-specific decision follows.",ecological municipality-year match; workplace RAIS stock versus school-location education outcome; executed years=2019-2025,"Formal work only; no same-person, first-employment, informality, unemployment or causal inference. CAGED flow is descriptive and is not this coefficient.",RAIS,15_17,stock,false,"CAGED 2025 flow context only, not a RAIS-stock model: occupations: 411005 Auxiliar de escritório (2277 adjusted events); 411010 Assistente administrativo (1190 adjusted events); 784105 Embalador, a mão (862 adjusted events); sectors: 4711302 Comércio varejista de mercadorias em geral, com predominância de produtos alimentícios - supermercados (1067 adjusted events); 4711301 Comércio varejista de mercadorias em geral, com predominância de produtos alimentícios - hipermercados (612 adjusted events); 1531901 Fabricação de calçados de couro (438 adjusted events).",false,false,Job 3 dominant absolute RAIS 15-17 change: Novo Hamburgo +534; no joint work-education concentration threshold was preregistered.,"All ten Vale municipalities had RAIS 15-17 growth while medium dropout and distortion fell; 2025 levels differ, but no overlap threshold was preregistered.",false
failure_rate_percent,log1p_rais_15_17,medio,total (high school),education=school_location total; work=workplace_municipality,2019-2025,0,H3-medio-failure_rate_percent-S1-LOO-4313409,S1_RAIS_15_17,LEAVE_OUT_VALE_4313409,0.1816219318547987,outcome percentage points per 1 unit of log1p(RAIS active bonds),0.1816219318547987,positive,0.4963490660229799,0.6043869125092093,3196,492,unweighted,false,true,sensitivity,true,"[0.1410806203591819,2.562419152394944]",0.1757282161279647,0.192314615033749,0.199935547264823,Nova Santa Rita RAIS 15_17: 104 -> 172 (65.38%); medium distortion 43.3% -> 24.8% (-18.5 pp); coexistence only.,"Joint work-education monitoring by municipality and age group; no individual, causal, sector-specific RAIS-stock or network-specific decision follows.",ecological municipality-year match; workplace RAIS stock versus school-location education outcome; executed years=2019-2025,"Formal work only; no same-person, first-employment, informality, unemployment or causal inference. CAGED flow is descriptive and is not this coefficient.",RAIS,15_17,stock,false,"CAGED 2025 flow context only, not a RAIS-stock model: occupations: 411005 Auxiliar de escritório (2277 adjusted events); 411010 Assistente administrativo (1190 adjusted events); 784105 Embalador, a mão (862 adjusted events); sectors: 4711302 Comércio varejista de mercadorias em geral, com predominância de produtos alimentícios - supermercados (1067 adjusted events); 4711301 Comércio varejista de mercadorias em geral, com predominância de produtos alimentícios - hipermercados (612 adjusted events); 1531901 Fabricação de calçados de couro (438 adjusted events).",false,false,Job 3 dominant absolute RAIS 15-17 change: Novo Hamburgo +534; no joint work-education concentration threshold was preregistered.,"All ten Vale municipalities had RAIS 15-17 growth while medium dropout and distortion fell; 2025 levels differ, but no overlap threshold was preregistered.",false
failure_rate_percent,log1p_rais_15_17,medio,total (high school),education=school_location total; work=workplace_municipality,2019-2025,0,H3-medio-failure_rate_percent-S1-LOO-4314803,S1_RAIS_15_17,LEAVE_OUT_VALE_4314803,0.1828782457859966,outcome percentage points per 1 unit of log1p(RAIS active bonds),0.1828782457859966,positive,0.4934460173702606,0.6043869125092093,3196,492,unweighted,false,true,sensitivity,true,"[0.1410806203591819,2.562419152394944]",0.1757282161279647,0.192314615033749,0.199935547264823,Nova Santa Rita RAIS 15_17: 104 -> 172 (65.38%); medium distortion 43.3% -> 24.8% (-18.5 pp); coexistence only.,"Joint work-education monitoring by municipality and age group; no individual, causal, sector-specific RAIS-stock or network-specific decision follows.",ecological municipality-year match; workplace RAIS stock versus school-location education outcome; executed years=2019-2025,"Formal work only; no same-person, first-employment, informality, unemployment or causal inference. CAGED flow is descriptive and is not this coefficient.",RAIS,15_17,stock,false,"CAGED 2025 flow context only, not a RAIS-stock model: occupations: 411005 Auxiliar de escritório (2277 adjusted events); 411010 Assistente administrativo (1190 adjusted events); 784105 Embalador, a mão (862 adjusted events); sectors: 4711302 Comércio varejista de mercadorias em geral, com predominância de produtos alimentícios - supermercados (1067 adjusted events); 4711301 Comércio varejista de mercadorias em geral, com predominância de produtos alimentícios - hipermercados (612 adjusted events); 1531901 Fabricação de calçados de couro (438 adjusted events).",false,false,Job 3 dominant absolute RAIS 15-17 change: Novo Hamburgo +534; no joint work-education concentration threshold was preregistered.,"All ten Vale municipalities had RAIS 15-17 growth while medium dropout and distortion fell; 2025 levels differ, but no overlap threshold was preregistered.",false
failure_rate_percent,log1p_rais_15_17,medio,total (high school),education=school_location total; work=workplace_municipality,2019-2025,0,H3-medio-failure_rate_percent-S1-LOO-4318705,S1_RAIS_15_17,LEAVE_OUT_VALE_4318705,0.1802865359916886,outcome percentage points per 1 unit of log1p(RAIS active bonds),0.1802865359916886,positive,0.4996265143409463,0.6043869125092093,3196,492,unweighted,false,true,sensitivity,true,"[0.1410806203591819,2.562419152394944]",0.1757282161279647,0.192314615033749,0.199935547264823,Nova Santa Rita RAIS 15_17: 104 -> 172 (65.38%); medium distortion 43.3% -> 24.8% (-18.5 pp); coexistence only.,"Joint work-education monitoring by municipality and age group; no individual, causal, sector-specific RAIS-stock or network-specific decision follows.",ecological municipality-year match; workplace RAIS stock versus school-location education outcome; executed years=2019-2025,"Formal work only; no same-person, first-employment, informality, unemployment or causal inference. CAGED flow is descriptive and is not this coefficient.",RAIS,15_17,stock,false,"CAGED 2025 flow context only, not a RAIS-stock model: occupations: 411005 Auxiliar de escritório (2277 adjusted events); 411010 Assistente administrativo (1190 adjusted events); 784105 Embalador, a mão (862 adjusted events); sectors: 4711302 Comércio varejista de mercadorias em geral, com predominância de produtos alimentícios - supermercados (1067 adjusted events); 4711301 Comércio varejista de mercadorias em geral, com predominância de produtos alimentícios - hipermercados (612 adjusted events); 1531901 Fabricação de calçados de couro (438 adjusted events).",false,false,Job 3 dominant absolute RAIS 15-17 change: Novo Hamburgo +534; no joint work-education concentration threshold was preregistered.,"All ten Vale municipalities had RAIS 15-17 growth while medium dropout and distortion fell; 2025 levels differ, but no overlap threshold was preregistered.",false
failure_rate_percent,log1p_rais_15_17,medio,total (high school),education=school_location total; work=workplace_municipality,2019-2025,0,H3-medio-failure_rate_percent-S1-LOO-4320008,S1_RAIS_15_17,LEAVE_OUT_VALE_4320008,0.1835483757763184,outcome percentage points per 1 unit of log1p(RAIS active bonds),0.1835483757763184,positive,0.4919292358181369,0.6043869125092093,3196,492,unweighted,false,true,sensitivity,true,"[0.1410806203591819,2.562419152394944]",0.1757282161279647,0.192314615033749,0.199935547264823,Nova Santa Rita RAIS 15_17: 104 -> 172 (65.38%); medium distortion 43.3% -> 24.8% (-18.5 pp); coexistence only.,"Joint work-education monitoring by municipality and age group; no individual, causal, sector-specific RAIS-stock or network-specific decision follows.",ecological municipality-year match; workplace RAIS stock versus school-location education outcome; executed years=2019-2025,"Formal work only; no same-person, first-employment, informality, unemployment or causal inference. CAGED flow is descriptive and is not this coefficient.",RAIS,15_17,stock,false,"CAGED 2025 flow context only, not a RAIS-stock model: occupations: 411005 Auxiliar de escritório (2277 adjusted events); 411010 Assistente administrativo (1190 adjusted events); 784105 Embalador, a mão (862 adjusted events); sectors: 4711302 Comércio varejista de mercadorias em geral, com predominância de produtos alimentícios - supermercados (1067 adjusted events); 4711301 Comércio varejista de mercadorias em geral, com predominância de produtos alimentícios - hipermercados (612 adjusted events); 1531901 Fabricação de calçados de couro (438 adjusted events).",false,false,Job 3 dominant absolute RAIS 15-17 change: Novo Hamburgo +534; no joint work-education concentration threshold was preregistered.,"All ten Vale municipalities had RAIS 15-17 growth while medium dropout and distortion fell; 2025 levels differ, but no overlap threshold was preregistered.",false
failure_rate_percent,log1p_rais_15_17,medio,total (high school),education=school_location total; work=workplace_municipality,2019-2025,0,H3-medio-failure_rate_percent-S1-NO_FE,S1_RAIS_15_17,NO_FE_DIAGNOSTIC,0.5465326653677774,outcome percentage points per 1 unit of log1p(RAIS active bonds),0.5465326653677774,positive,3.338323011577696e-13,6.259355646708179e-12,3203,493,unweighted,false,false,sensitivity,true,"[0.1410806203591819,2.562419152394944]",0.1757282161279647,0.192314615033749,0.199935547264823,Nova Santa Rita RAIS 15_17: 104 -> 172 (65.38%); medium distortion 43.3% -> 24.8% (-18.5 pp); coexistence only.,"Joint work-education monitoring by municipality and age group; no individual, causal, sector-specific RAIS-stock or network-specific decision follows.",ecological municipality-year match; workplace RAIS stock versus school-location education outcome; executed years=2019-2025,"Formal work only; no same-person, first-employment, informality, unemployment or causal inference. CAGED flow is descriptive and is not this coefficient.",RAIS,15_17,stock,false,"CAGED 2025 flow context only, not a RAIS-stock model: occupations: 411005 Auxiliar de escritório (2277 adjusted events); 411010 Assistente administrativo (1190 adjusted events); 784105 Embalador, a mão (862 adjusted events); sectors: 4711302 Comércio varejista de mercadorias em geral, com predominância de produtos alimentícios - supermercados (1067 adjusted events); 4711301 Comércio varejista de mercadorias em geral, com predominância de produtos alimentícios - hipermercados (612 adjusted events); 1531901 Fabricação de calçados de couro (438 adjusted events).",false,false,Job 3 dominant absolute RAIS 15-17 change: Novo Hamburgo +534; no joint work-education concentration threshold was preregistered.,"All ten Vale municipalities had RAIS 15-17 growth while medium dropout and distortion fell; 2025 levels differ, but no overlap threshold was preregistered.",false
failure_rate_percent,log1p_rais_15_17,medio,total (high school),education=school_location total; work=workplace_municipality,2019-2025,0,H3-medio-failure_rate_percent-S1-POPULATION_WEIGHTED,S1_RAIS_15_17,POPULATION_WEIGHTED,0.8630726313925966,outcome percentage points per 1 unit of log1p(RAIS active bonds),0.8630726313925966,positive,0.0682418383804724,0.2018795508136108,3203,493,population_15_17,false,true,sensitivity,true,"[0.1410806203591819,2.562419152394944]",0.1757282161279647,0.192314615033749,0.199935547264823,Nova Santa Rita RAIS 15_17: 104 -> 172 (65.38%); medium distortion 43.3% -> 24.8% (-18.5 pp); coexistence only.,"Joint work-education monitoring by municipality and age group; no individual, causal, sector-specific RAIS-stock or network-specific decision follows.",ecological municipality-year match; workplace RAIS stock versus school-location education outcome; executed years=2019-2025,"Formal work only; no same-person, first-employment, informality, unemployment or causal inference. CAGED flow is descriptive and is not this coefficient.",RAIS,15_17,stock,false,"CAGED 2025 flow context only, not a RAIS-stock model: occupations: 411005 Auxiliar de escritório (2277 adjusted events); 411010 Assistente administrativo (1190 adjusted events); 784105 Embalador, a mão (862 adjusted events); sectors: 4711302 Comércio varejista de mercadorias em geral, com predominância de produtos alimentícios - supermercados (1067 adjusted events); 4711301 Comércio varejista de mercadorias em geral, com predominância de produtos alimentícios - hipermercados (612 adjusted events); 1531901 Fabricação de calçados de couro (438 adjusted events).",false,false,Job 3 dominant absolute RAIS 15-17 change: Novo Hamburgo +534; no joint work-education concentration threshold was preregistered.,"All ten Vale municipalities had RAIS 15-17 growth while medium dropout and distortion fell; 2025 levels differ, but no overlap threshold was preregistered.",false
failure_rate_percent,log1p_rais_15_17,medio,total (high school),education=school_location total; work=workplace_municipality,2019-2025,0,H3-medio-failure_rate_percent-S1-VALE_ONLY,S1_RAIS_15_17,VALE_ONLY,2.562419152394944,outcome percentage points per 1 unit of log1p(RAIS active bonds),2.562419152394944,positive,0.3886274348575386,0.5948379104962325,70,10,unweighted,false,true,sensitivity,true,"[0.1410806203591819,2.562419152394944]",0.1757282161279647,0.192314615033749,0.199935547264823,Nova Santa Rita RAIS 15_17: 104 -> 172 (65.38%); medium distortion 43.3% -> 24.8% (-18.5 pp); coexistence only.,"Joint work-education monitoring by municipality and age group; no individual, causal, sector-specific RAIS-stock or network-specific decision follows.",ecological municipality-year match; workplace RAIS stock versus school-location education outcome; executed years=2019-2025,"Formal work only; no same-person, first-employment, informality, unemployment or causal inference. CAGED flow is descriptive and is not this coefficient.",RAIS,15_17,stock,false,"CAGED 2025 flow context only, not a RAIS-stock model: occupations: 411005 Auxiliar de escritório (2277 adjusted events); 411010 Assistente administrativo (1190 adjusted events); 784105 Embalador, a mão (862 adjusted events); sectors: 4711302 Comércio varejista de mercadorias em geral, com predominância de produtos alimentícios - supermercados (1067 adjusted events); 4711301 Comércio varejista de mercadorias em geral, com predominância de produtos alimentícios - hipermercados (612 adjusted events); 1531901 Fabricação de calçados de couro (438 adjusted events).",false,true,Job 3 dominant absolute RAIS 15-17 change: Novo Hamburgo +534; no joint work-education concentration threshold was preregistered.,"All ten Vale municipalities had RAIS 15-17 growth while medium dropout and distortion fell; 2025 levels differ, but no overlap threshold was preregistered.",false
failure_rate_percent,log1p_rais_15_17,medio,total (high school),education=school_location total; work=workplace_municipality,2019-2023,0,H3-medio-failure_rate_percent-S1-WITH_INSE,S1_RAIS_15_17,WITH_INSE,0.1410806203591819,outcome percentage points per 1 unit of log1p(RAIS active bonds),0.1410806203591819,positive,0.7815499066686784,0.8254347537830564,1358,484,unweighted,true,true,sensitivity,true,"[0.1410806203591819,2.562419152394944]",0.1757282161279647,0.192314615033749,0.199935547264823,Nova Santa Rita RAIS 15_17: 104 -> 172 (65.38%); medium distortion 43.3% -> 24.8% (-18.5 pp); coexistence only.,"Joint work-education monitoring by municipality and age group; no individual, causal, sector-specific RAIS-stock or network-specific decision follows.",ecological municipality-year match; workplace RAIS stock versus school-location education outcome; executed years=2019-2023,"Formal work only; no same-person, first-employment, informality, unemployment or causal inference. CAGED flow is descriptive and is not this coefficient.",RAIS,15_17,stock,false,"CAGED 2025 flow context only, not a RAIS-stock model: occupations: 411005 Auxiliar de escritório (2277 adjusted events); 411010 Assistente administrativo (1190 adjusted events); 784105 Embalador, a mão (862 adjusted events); sectors: 4711302 Comércio varejista de mercadorias em geral, com predominância de produtos alimentícios - supermercados (1067 adjusted events); 4711301 Comércio varejista de mercadorias em geral, com predominância de produtos alimentícios - hipermercados (612 adjusted events); 1531901 Fabricação de calçados de couro (438 adjusted events).",false,false,Job 3 dominant absolute RAIS 15-17 change: Novo Hamburgo +534; no joint work-education concentration threshold was preregistered.,"All ten Vale municipalities had RAIS 15-17 growth while medium dropout and distortion fell; 2025 levels differ, but no overlap threshold was preregistered.",false
failure_rate_percent,log1p_rais_15_17,medio,total (high school),education=school_location total; work=workplace_municipality,2019-2025,0,H3-medio-failure_rate_percent-S1_RAIS_15_17,S1_RAIS_15_17,MAIN_2019_2025,0.1824826649132031,outcome percentage points per 1 unit of log1p(RAIS active bonds),0.1824826649132031,positive,0.4942848550727013,0.6043869125092093,3203,493,unweighted,false,true,main,true,"[0.1410806203591819,2.562419152394944]",0.1757282161279647,0.192314615033749,0.199935547264823,Nova Santa Rita RAIS 15_17: 104 -> 172 (65.38%); medium distortion 43.3% -> 24.8% (-18.5 pp); coexistence only.,"Joint work-education monitoring by municipality and age group; no individual, causal, sector-specific RAIS-stock or network-specific decision follows.",ecological municipality-year match; workplace RAIS stock versus school-location education outcome; executed years=2019-2025,"Formal work only; no same-person, first-employment, informality, unemployment or causal inference. CAGED flow is descriptive and is not this coefficient.",RAIS,15_17,stock,false,"CAGED 2025 flow context only, not a RAIS-stock model: occupations: 411005 Auxiliar de escritório (2277 adjusted events); 411010 Assistente administrativo (1190 adjusted events); 784105 Embalador, a mão (862 adjusted events); sectors: 4711302 Comércio varejista de mercadorias em geral, com predominância de produtos alimentícios - supermercados (1067 adjusted events); 4711301 Comércio varejista de mercadorias em geral, com predominância de produtos alimentícios - hipermercados (612 adjusted events); 1531901 Fabricação de calçados de couro (438 adjusted events).",false,false,Job 3 dominant absolute RAIS 15-17 change: Novo Hamburgo +534; no joint work-education concentration threshold was preregistered.,"All ten Vale municipalities had RAIS 15-17 growth while medium dropout and distortion fell; 2025 levels differ, but no overlap threshold was preregistered.",false
failure_rate_percent,log1p_rais_15_17,medio,total (high school),education=school_location total; work=workplace_municipality,2019-2025,0,H3-medio-failure_rate_percent-S2_RAIS_15_17_POPULATION,S2_RAIS_15_17_POPULATION,MAIN_2019_2025,0.1594722798347235,outcome percentage points per 1 unit of log1p(RAIS active bonds),0.1594722798347235,positive,0.5478762617012949,0.632164917347648,3203,493,unweighted,false,true,main,true,"[0.15947227983472351,0.15947227983472351]",not_executed_for_relation,not_executed_for_relation,not_executed_for_relation,Nova Santa Rita RAIS 15_17: 104 -> 172 (65.38%); medium distortion 43.3% -> 24.8% (-18.5 pp); coexistence only.,"Joint work-education monitoring by municipality and age group; no individual, causal, sector-specific RAIS-stock or network-specific decision follows.",ecological municipality-year match; workplace RAIS stock versus school-location education outcome; executed years=2019-2025,"Formal work only; no same-person, first-employment, informality, unemployment or causal inference. CAGED flow is descriptive and is not this coefficient.",RAIS,15_17,stock,true,"CAGED 2025 flow context only, not a RAIS-stock model: occupations: 411005 Auxiliar de escritório (2277 adjusted events); 411010 Assistente administrativo (1190 adjusted events); 784105 Embalador, a mão (862 adjusted events); sectors: 4711302 Comércio varejista de mercadorias em geral, com predominância de produtos alimentícios - supermercados (1067 adjusted events); 4711301 Comércio varejista de mercadorias em geral, com predominância de produtos alimentícios - hipermercados (612 adjusted events); 1531901 Fabricação de calçados de couro (438 adjusted events).",false,false,Job 3 dominant absolute RAIS 15-17 change: Novo Hamburgo +534; no joint work-education concentration threshold was preregistered.,"All ten Vale municipalities had RAIS 15-17 growth while medium dropout and distortion fell; 2025 levels differ, but no overlap threshold was preregistered.",false
failure_rate_percent,log1p_rais_18_24,medio,total (high school),education=school_location total; work=workplace_municipality,2019-2025,0,H3-medio-failure_rate_percent-S3_RAIS_18_24_DIAGNOSTIC,S3_RAIS_18_24_DIAGNOSTIC,MAIN_2019_2025,-0.7357814694438384,outcome percentage points per 1 unit of log1p(RAIS active bonds),0.7357814694438384,negative,0.1336793765159307,0.3457225254722347,3472,496,unweighted,false,true,main,true,"[0.73578146944383838,0.73578146944383838]",not_executed_for_relation,not_executed_for_relation,not_executed_for_relation,Nova Santa Rita RAIS 18_24: 1117 -> 1638 (46.64%); medium distortion 43.3% -> 24.8% (-18.5 pp); coexistence only.,"Joint work-education monitoring by municipality and age group; no individual, causal, sector-specific RAIS-stock or network-specific decision follows.",ecological municipality-year match; workplace RAIS stock versus school-location education outcome; executed years=2019-2025,"Formal work only; no same-person, first-employment, informality, unemployment or causal inference. CAGED flow is descriptive and is not this coefficient.",RAIS,18_24,stock,false,"CAGED 2025 flow context only, not a RAIS-stock model: occupations: 784205 Alimentador de linha de produção (6821 adjusted events); 521110 Vendedor de comércio varejista (4657 adjusted events); 421125 Operador de caixa (4212 adjusted events); sectors: 4711302 Comércio varejista de mercadorias em geral, com predominância de produtos alimentícios - supermercados (4830 adjusted events); 8220200 Atividades de teleatendimento (2303 adjusted events); 4930202 Transporte rodoviário de carga, exceto produtos perigosos e mudanças, intermunicipal, interestadual e internacional (2043 adjusted events).",false,false,Job 3 dominant absolute RAIS 15-17 change: Novo Hamburgo +534; no joint work-education concentration threshold was preregistered.,"All ten Vale municipalities had RAIS 15-17 growth while medium dropout and distortion fell; 2025 levels differ, but no overlap threshold was preregistered.",false
