outcome,factor,stage,network,location,window,lag,specification_id,specification,sensitivity,coefficient,coefficient_unit,magnitude_recorded_by_job3,sign,raw_p_value,bh_adjusted_p_value,observations,municipality_count,weighting,INSE_control,fixed_effects,main_or_sensitivity,sign_agreement_with_main,magnitude_range_across_sensitivities,leave_one_out_min,leave_one_out_max,pandemic_exclusion_result,Nova_Santa_Rita_relevance,possible_planning_delta,lens_and_period_compatibility,factual_limit
age_grade_distortion_rate_percent,students_per_class,fundamental_anos_finais,total,total (school_location lens),2019;2022-2025,0,H2-fundamental_anos_finais-age_grade_distortion_rate_percent-S1-EXCLUDE_2020_2021,S1_CLASS_SIZE,EXCLUDE_2020_2021,0.2631986733337534,outcome percentage points per 1 student per class,0.2631986733337534,positive,0.0001642333539362,0.0004619063079456,2484,497,unweighted,false,true,sensitivity,true,"[0.22047044432061369,0.40743364639654561]",0.3245488030927685,0.3260112858394745,0.2631986733337534,No Nova Santa Rita fact at the identical stage/outcome grain in Job 3.,Jointly monitor students_per_class and age_grade_distortion_rate_percent in fundamental_anos_finais; the executed model cannot assign the relation to a specific network.,municipality-year-stage match; education/condition at school-location lens; network=total; executed years=2019;2022-2025,"Ecological association, not causality or same-person evidence; Job 3 did not execute network-specific or H2 weighting sensitivities."
age_grade_distortion_rate_percent,students_per_class,fundamental_anos_finais,total,total (school_location lens),2020-2025,1,H2-fundamental_anos_finais-age_grade_distortion_rate_percent-S1-LAG1,S1_CLASS_SIZE,LAG_1,0.2289394525009123,outcome percentage points per 1 student per class,0.2289394525009123,positive,0.0015479654161664,0.0034829221863744,2980,497,unweighted,false,true,sensitivity,true,"[0.22047044432061369,0.40743364639654561]",0.3245488030927685,0.3260112858394745,0.2631986733337534,No Nova Santa Rita fact at the identical stage/outcome grain in Job 3.,Jointly monitor students_per_class and age_grade_distortion_rate_percent in fundamental_anos_finais; the executed model cannot assign the relation to a specific network.,municipality-year-stage match; education/condition at school-location lens; network=total; executed years=2020-2025,"Ecological association, not causality or same-person evidence; Job 3 did not execute network-specific or H2 weighting sensitivities."
age_grade_distortion_rate_percent,students_per_class,fundamental_anos_finais,total,total (school_location lens),2019-2025,0,H2-fundamental_anos_finais-age_grade_distortion_rate_percent-S1-LOO-4303905,S1_CLASS_SIZE,LEAVE_OUT_VALE_4303905,0.3247741842287543,outcome percentage points per 1 student per class,0.3247741842287543,positive,1.9218584879773422e-06,7.856312780210417e-06,3470,496,unweighted,false,true,sensitivity,true,"[0.22047044432061369,0.40743364639654561]",0.3245488030927685,0.3260112858394745,0.2631986733337534,No Nova Santa Rita fact at the identical stage/outcome grain in Job 3.,Jointly monitor students_per_class and age_grade_distortion_rate_percent in fundamental_anos_finais; the executed model cannot assign the relation to a specific network.,municipality-year-stage match; education/condition at school-location lens; network=total; executed years=2019-2025,"Ecological association, not causality or same-person evidence; Job 3 did not execute network-specific or H2 weighting sensitivities."
age_grade_distortion_rate_percent,students_per_class,fundamental_anos_finais,total,total (school_location lens),2019-2025,0,H2-fundamental_anos_finais-age_grade_distortion_rate_percent-S1-LOO-4306403,S1_CLASS_SIZE,LEAVE_OUT_VALE_4306403,0.3256446802962439,outcome percentage points per 1 student per class,0.3256446802962439,positive,1.827276371953688e-06,7.856312780210417e-06,3470,496,unweighted,false,true,sensitivity,true,"[0.22047044432061369,0.40743364639654561]",0.3245488030927685,0.3260112858394745,0.2631986733337534,No Nova Santa Rita fact at the identical stage/outcome grain in Job 3.,Jointly monitor students_per_class and age_grade_distortion_rate_percent in fundamental_anos_finais; the executed model cannot assign the relation to a specific network.,municipality-year-stage match; education/condition at school-location lens; network=total; executed years=2019-2025,"Ecological association, not causality or same-person evidence; Job 3 did not execute network-specific or H2 weighting sensitivities."
age_grade_distortion_rate_percent,students_per_class,fundamental_anos_finais,total,total (school_location lens),2019-2025,0,H2-fundamental_anos_finais-age_grade_distortion_rate_percent-S1-LOO-4307609,S1_CLASS_SIZE,LEAVE_OUT_VALE_4307609,0.3260112858394745,outcome percentage points per 1 student per class,0.3260112858394745,positive,1.801750929813416e-06,7.856312780210417e-06,3470,496,unweighted,false,true,sensitivity,true,"[0.22047044432061369,0.40743364639654561]",0.3245488030927685,0.3260112858394745,0.2631986733337534,No Nova Santa Rita fact at the identical stage/outcome grain in Job 3.,Jointly monitor students_per_class and age_grade_distortion_rate_percent in fundamental_anos_finais; the executed model cannot assign the relation to a specific network.,municipality-year-stage match; education/condition at school-location lens; network=total; executed years=2019-2025,"Ecological association, not causality or same-person evidence; Job 3 did not execute network-specific or H2 weighting sensitivities."
age_grade_distortion_rate_percent,students_per_class,fundamental_anos_finais,total,total (school_location lens),2019-2025,0,H2-fundamental_anos_finais-age_grade_distortion_rate_percent-S1-LOO-4307708,S1_CLASS_SIZE,LEAVE_OUT_VALE_4307708,0.3245488030927685,outcome percentage points per 1 student per class,0.3245488030927685,positive,1.9640781950526043e-06,7.856312780210417e-06,3470,496,unweighted,false,true,sensitivity,true,"[0.22047044432061369,0.40743364639654561]",0.3245488030927685,0.3260112858394745,0.2631986733337534,No Nova Santa Rita fact at the identical stage/outcome grain in Job 3.,Jointly monitor students_per_class and age_grade_distortion_rate_percent in fundamental_anos_finais; the executed model cannot assign the relation to a specific network.,municipality-year-stage match; education/condition at school-location lens; network=total; executed years=2019-2025,"Ecological association, not causality or same-person evidence; Job 3 did not execute network-specific or H2 weighting sensitivities."
age_grade_distortion_rate_percent,students_per_class,fundamental_anos_finais,total,total (school_location lens),2019-2025,0,H2-fundamental_anos_finais-age_grade_distortion_rate_percent-S1-LOO-4310801,S1_CLASS_SIZE,LEAVE_OUT_VALE_4310801,0.3249225923820062,outcome percentage points per 1 student per class,0.3249225923820062,positive,1.9127022971998906e-06,7.856312780210417e-06,3470,496,unweighted,false,true,sensitivity,true,"[0.22047044432061369,0.40743364639654561]",0.3245488030927685,0.3260112858394745,0.2631986733337534,No Nova Santa Rita fact at the identical stage/outcome grain in Job 3.,Jointly monitor students_per_class and age_grade_distortion_rate_percent in fundamental_anos_finais; the executed model cannot assign the relation to a specific network.,municipality-year-stage match; education/condition at school-location lens; network=total; executed years=2019-2025,"Ecological association, not causality or same-person evidence; Job 3 did not execute network-specific or H2 weighting sensitivities."
age_grade_distortion_rate_percent,students_per_class,fundamental_anos_finais,total,total (school_location lens),2019-2025,0,H2-fundamental_anos_finais-age_grade_distortion_rate_percent-S1-LOO-4313375,S1_CLASS_SIZE,LEAVE_OUT_VALE_4313375,0.3251682873362825,outcome percentage points per 1 student per class,0.3251682873362825,positive,1.9052676192599008e-06,7.856312780210417e-06,3470,496,unweighted,false,true,sensitivity,true,"[0.22047044432061369,0.40743364639654561]",0.3245488030927685,0.3260112858394745,0.2631986733337534,No Nova Santa Rita fact at the identical stage/outcome grain in Job 3.,Jointly monitor students_per_class and age_grade_distortion_rate_percent in fundamental_anos_finais; the executed model cannot assign the relation to a specific network.,municipality-year-stage match; education/condition at school-location lens; network=total; executed years=2019-2025,"Ecological association, not causality or same-person evidence; Job 3 did not execute network-specific or H2 weighting sensitivities."
age_grade_distortion_rate_percent,students_per_class,fundamental_anos_finais,total,total (school_location lens),2019-2025,0,H2-fundamental_anos_finais-age_grade_distortion_rate_percent-S1-LOO-4313409,S1_CLASS_SIZE,LEAVE_OUT_VALE_4313409,0.3250374218707453,outcome percentage points per 1 student per class,0.3250374218707453,positive,1.896741233457289e-06,7.856312780210417e-06,3470,496,unweighted,false,true,sensitivity,true,"[0.22047044432061369,0.40743364639654561]",0.3245488030927685,0.3260112858394745,0.2631986733337534,No Nova Santa Rita fact at the identical stage/outcome grain in Job 3.,Jointly monitor students_per_class and age_grade_distortion_rate_percent in fundamental_anos_finais; the executed model cannot assign the relation to a specific network.,municipality-year-stage match; education/condition at school-location lens; network=total; executed years=2019-2025,"Ecological association, not causality or same-person evidence; Job 3 did not execute network-specific or H2 weighting sensitivities."
age_grade_distortion_rate_percent,students_per_class,fundamental_anos_finais,total,total (school_location lens),2019-2025,0,H2-fundamental_anos_finais-age_grade_distortion_rate_percent-S1-LOO-4314803,S1_CLASS_SIZE,LEAVE_OUT_VALE_4314803,0.325447779616408,outcome percentage points per 1 student per class,0.325447779616408,positive,1.8437861064098668e-06,7.856312780210417e-06,3470,496,unweighted,false,true,sensitivity,true,"[0.22047044432061369,0.40743364639654561]",0.3245488030927685,0.3260112858394745,0.2631986733337534,No Nova Santa Rita fact at the identical stage/outcome grain in Job 3.,Jointly monitor students_per_class and age_grade_distortion_rate_percent in fundamental_anos_finais; the executed model cannot assign the relation to a specific network.,municipality-year-stage match; education/condition at school-location lens; network=total; executed years=2019-2025,"Ecological association, not causality or same-person evidence; Job 3 did not execute network-specific or H2 weighting sensitivities."
age_grade_distortion_rate_percent,students_per_class,fundamental_anos_finais,total,total (school_location lens),2019-2025,0,H2-fundamental_anos_finais-age_grade_distortion_rate_percent-S1-LOO-4318705,S1_CLASS_SIZE,LEAVE_OUT_VALE_4318705,0.3247905464624498,outcome percentage points per 1 student per class,0.3247905464624498,positive,1.9355035977217527e-06,7.856312780210417e-06,3470,496,unweighted,false,true,sensitivity,true,"[0.22047044432061369,0.40743364639654561]",0.3245488030927685,0.3260112858394745,0.2631986733337534,No Nova Santa Rita fact at the identical stage/outcome grain in Job 3.,Jointly monitor students_per_class and age_grade_distortion_rate_percent in fundamental_anos_finais; the executed model cannot assign the relation to a specific network.,municipality-year-stage match; education/condition at school-location lens; network=total; executed years=2019-2025,"Ecological association, not causality or same-person evidence; Job 3 did not execute network-specific or H2 weighting sensitivities."
age_grade_distortion_rate_percent,students_per_class,fundamental_anos_finais,total,total (school_location lens),2019-2025,0,H2-fundamental_anos_finais-age_grade_distortion_rate_percent-S1-LOO-4320008,S1_CLASS_SIZE,LEAVE_OUT_VALE_4320008,0.3250929121704947,outcome percentage points per 1 student per class,0.3250929121704947,positive,1.8847926589657808e-06,7.856312780210417e-06,3470,496,unweighted,false,true,sensitivity,true,"[0.22047044432061369,0.40743364639654561]",0.3245488030927685,0.3260112858394745,0.2631986733337534,No Nova Santa Rita fact at the identical stage/outcome grain in Job 3.,Jointly monitor students_per_class and age_grade_distortion_rate_percent in fundamental_anos_finais; the executed model cannot assign the relation to a specific network.,municipality-year-stage match; education/condition at school-location lens; network=total; executed years=2019-2025,"Ecological association, not causality or same-person evidence; Job 3 did not execute network-specific or H2 weighting sensitivities."
age_grade_distortion_rate_percent,students_per_class,fundamental_anos_finais,total,total (school_location lens),2019-2025,0,H2-fundamental_anos_finais-age_grade_distortion_rate_percent-S1-NO_FE,S1_CLASS_SIZE,NO_FE_DIAGNOSTIC,0.4074336463965456,outcome percentage points per 1 student per class,0.4074336463965456,positive,7.413361036031481e-07,4.04365147419899e-06,3477,497,unweighted,false,false,sensitivity,true,"[0.22047044432061369,0.40743364639654561]",0.3245488030927685,0.3260112858394745,0.2631986733337534,No Nova Santa Rita fact at the identical stage/outcome grain in Job 3.,Jointly monitor students_per_class and age_grade_distortion_rate_percent in fundamental_anos_finais; the executed model cannot assign the relation to a specific network.,municipality-year-stage match; education/condition at school-location lens; network=total; executed years=2019-2025,"Ecological association, not causality or same-person evidence; Job 3 did not execute network-specific or H2 weighting sensitivities."
age_grade_distortion_rate_percent,students_per_class,fundamental_anos_finais,total,total (school_location lens),2022-2025,0,H2-fundamental_anos_finais-age_grade_distortion_rate_percent-S1-WINDOW_2022_2025,S1_CLASS_SIZE,WINDOW_2022_2025,0.2204704443206137,outcome percentage points per 1 student per class,0.2204704443206137,positive,0.005703253246538,0.0123685010165886,1987,497,unweighted,false,true,sensitivity,true,"[0.22047044432061369,0.40743364639654561]",0.3245488030927685,0.3260112858394745,0.2631986733337534,No Nova Santa Rita fact at the identical stage/outcome grain in Job 3.,Jointly monitor students_per_class and age_grade_distortion_rate_percent in fundamental_anos_finais; the executed model cannot assign the relation to a specific network.,municipality-year-stage match; education/condition at school-location lens; network=total; executed years=2022-2025,"Ecological association, not causality or same-person evidence; Job 3 did not execute network-specific or H2 weighting sensitivities."
age_grade_distortion_rate_percent,students_per_class,fundamental_anos_finais,total,total (school_location lens),2019-2025,0,H2-fundamental_anos_finais-age_grade_distortion_rate_percent-S1_CLASS_SIZE,S1_CLASS_SIZE,MAIN_2019_2025,0.3252609969182471,outcome percentage points per 1 student per class,0.3252609969182471,positive,1.8568090751889724e-06,7.856312780210417e-06,3477,497,unweighted,false,true,main,true,"[0.22047044432061369,0.40743364639654561]",0.3245488030927685,0.3260112858394745,0.2631986733337534,No Nova Santa Rita fact at the identical stage/outcome grain in Job 3.,Jointly monitor students_per_class and age_grade_distortion_rate_percent in fundamental_anos_finais; the executed model cannot assign the relation to a specific network.,municipality-year-stage match; education/condition at school-location lens; network=total; executed years=2019-2025,"Ecological association, not causality or same-person evidence; Job 3 did not execute network-specific or H2 weighting sensitivities."
age_grade_distortion_rate_percent,teacher_adequacy_percent,fundamental_anos_finais,total,total (school_location lens),2019-2025,0,H2-fundamental_anos_finais-age_grade_distortion_rate_percent-S2_TEACHER_ADEQUACY,S2_TEACHER_ADEQUACY,MAIN_2019_2025,0.0038814177564472,outcome percentage points per 1 percentage point of teacher adequacy,0.0038814177564472,positive,0.778854308582796,0.8298262332736734,3479,497,unweighted,false,true,main,true,"[0.0038814177564471999,0.0038814177564471999]",not_executed_for_relation,not_executed_for_relation,not_executed_for_relation,No Nova Santa Rita fact at the identical stage/outcome grain in Job 3.,Jointly monitor teacher_adequacy_percent and age_grade_distortion_rate_percent in fundamental_anos_finais; the executed model cannot assign the relation to a specific network.,municipality-year-stage match; education/condition at school-location lens; network=total; executed years=2019-2025,"Ecological association, not causality or same-person evidence; Job 3 did not execute network-specific or H2 weighting sensitivities."
age_grade_distortion_rate_percent,schools_with_broadband_percent,fundamental_anos_finais,total,total (school_location lens),2019-2025,0,H2-fundamental_anos_finais-age_grade_distortion_rate_percent-S3-WITHOUT-INSE,S3_BROADBAND_INSE,WITHOUT_INSE,-0.003455924501314,outcome percentage points per 1 percentage point of schools with broadband,0.003455924501314,negative,0.6715163244830407,0.7325632630724079,3479,497,unweighted,false,true,sensitivity,true,"[0.0028993482617072001,0.0034559245013139998]",not_executed_for_relation,not_executed_for_relation,not_executed_for_relation,No Nova Santa Rita fact at the identical stage/outcome grain in Job 3.,Jointly monitor schools_with_broadband_percent and age_grade_distortion_rate_percent in fundamental_anos_finais; the executed model cannot assign the relation to a specific network.,municipality-year-stage match; education/condition at school-location lens; network=total; executed years=2019-2025,"Ecological association, not causality or same-person evidence; Job 3 did not execute network-specific or H2 weighting sensitivities."
age_grade_distortion_rate_percent,schools_with_broadband_percent,fundamental_anos_finais,total,total (school_location lens),2019-2023,0,H2-fundamental_anos_finais-age_grade_distortion_rate_percent-S3_BROADBAND_INSE,S3_BROADBAND_INSE,MAIN_2019_2025,-0.0028993482617072,outcome percentage points per 1 percentage point of schools with broadband,0.0028993482617072,negative,0.7791146301291711,0.8298262332736734,1485,497,unweighted,true,true,main,true,"[0.0028993482617072001,0.0034559245013139998]",not_executed_for_relation,not_executed_for_relation,not_executed_for_relation,No Nova Santa Rita fact at the identical stage/outcome grain in Job 3.,Jointly monitor schools_with_broadband_percent and age_grade_distortion_rate_percent in fundamental_anos_finais; the executed model cannot assign the relation to a specific network.,municipality-year-stage match; education/condition at school-location lens; network=total; executed years=2019-2023,"Ecological association, not causality or same-person evidence; Job 3 did not execute network-specific or H2 weighting sensitivities."
dropout_rate_percent,students_per_class,fundamental_anos_finais,total,total (school_location lens),2019;2022-2025,0,H2-fundamental_anos_finais-dropout_rate_percent-S1-EXCLUDE_2020_2021,S1_CLASS_SIZE,EXCLUDE_2020_2021,0.0318677132645417,outcome percentage points per 1 student per class,0.0318677132645417,positive,0.06424228106906,0.089640392189386,2484,497,unweighted,false,true,sensitivity,true,"[0.031006954585792699,0.060907594520913003]",0.0310069545857927,0.0315261626840863,0.0318677132645417,Nova Santa Rita: dropout_rate_percent 3.5% -> 0.29999999999999999% (-3.2000000000000002 pp); the model does not include a local condition trajectory or a network-specific coefficient.,Jointly monitor students_per_class and dropout_rate_percent in fundamental_anos_finais; the executed model cannot assign the relation to a specific network.,municipality-year-stage match; education/condition at school-location lens; network=total; executed years=2019;2022-2025,"Ecological association, not causality or same-person evidence; Job 3 did not execute network-specific or H2 weighting sensitivities."
dropout_rate_percent,students_per_class,fundamental_anos_finais,total,total (school_location lens),2020-2025,1,H2-fundamental_anos_finais-dropout_rate_percent-S1-LAG1,S1_CLASS_SIZE,LAG_1,0.0577718082888139,outcome percentage points per 1 student per class,0.0577718082888139,positive,0.0003427766257836,0.0008012960083255,2980,497,unweighted,false,true,sensitivity,true,"[0.031006954585792699,0.060907594520913003]",0.0310069545857927,0.0315261626840863,0.0318677132645417,Nova Santa Rita: dropout_rate_percent 3.5% -> 0.29999999999999999% (-3.2000000000000002 pp); the model does not include a local condition trajectory or a network-specific coefficient.,Jointly monitor students_per_class and dropout_rate_percent in fundamental_anos_finais; the executed model cannot assign the relation to a specific network.,municipality-year-stage match; education/condition at school-location lens; network=total; executed years=2020-2025,"Ecological association, not causality or same-person evidence; Job 3 did not execute network-specific or H2 weighting sensitivities."
dropout_rate_percent,students_per_class,fundamental_anos_finais,total,total (school_location lens),2019-2025,0,H2-fundamental_anos_finais-dropout_rate_percent-S1-LOO-4303905,S1_CLASS_SIZE,LEAVE_OUT_VALE_4303905,0.0310822871012811,outcome percentage points per 1 student per class,0.0310822871012811,positive,0.0551370879859816,0.0806884214428999,3470,496,unweighted,false,true,sensitivity,true,"[0.031006954585792699,0.060907594520913003]",0.0310069545857927,0.0315261626840863,0.0318677132645417,Nova Santa Rita: dropout_rate_percent 3.5% -> 0.29999999999999999% (-3.2000000000000002 pp); the model does not include a local condition trajectory or a network-specific coefficient.,Jointly monitor students_per_class and dropout_rate_percent in fundamental_anos_finais; the executed model cannot assign the relation to a specific network.,municipality-year-stage match; education/condition at school-location lens; network=total; executed years=2019-2025,"Ecological association, not causality or same-person evidence; Job 3 did not execute network-specific or H2 weighting sensitivities."
dropout_rate_percent,students_per_class,fundamental_anos_finais,total,total (school_location lens),2019-2025,0,H2-fundamental_anos_finais-dropout_rate_percent-S1-LOO-4306403,S1_CLASS_SIZE,LEAVE_OUT_VALE_4306403,0.0311398530958292,outcome percentage points per 1 student per class,0.0311398530958292,positive,0.0547396542153943,0.0806884214428999,3470,496,unweighted,false,true,sensitivity,true,"[0.031006954585792699,0.060907594520913003]",0.0310069545857927,0.0315261626840863,0.0318677132645417,Nova Santa Rita: dropout_rate_percent 3.5% -> 0.29999999999999999% (-3.2000000000000002 pp); the model does not include a local condition trajectory or a network-specific coefficient.,Jointly monitor students_per_class and dropout_rate_percent in fundamental_anos_finais; the executed model cannot assign the relation to a specific network.,municipality-year-stage match; education/condition at school-location lens; network=total; executed years=2019-2025,"Ecological association, not causality or same-person evidence; Job 3 did not execute network-specific or H2 weighting sensitivities."
dropout_rate_percent,students_per_class,fundamental_anos_finais,total,total (school_location lens),2019-2025,0,H2-fundamental_anos_finais-dropout_rate_percent-S1-LOO-4307609,S1_CLASS_SIZE,LEAVE_OUT_VALE_4307609,0.0313106295863021,outcome percentage points per 1 student per class,0.0313106295863021,positive,0.0536695757201406,0.0806884214428999,3470,496,unweighted,false,true,sensitivity,true,"[0.031006954585792699,0.060907594520913003]",0.0310069545857927,0.0315261626840863,0.0318677132645417,Nova Santa Rita: dropout_rate_percent 3.5% -> 0.29999999999999999% (-3.2000000000000002 pp); the model does not include a local condition trajectory or a network-specific coefficient.,Jointly monitor students_per_class and dropout_rate_percent in fundamental_anos_finais; the executed model cannot assign the relation to a specific network.,municipality-year-stage match; education/condition at school-location lens; network=total; executed years=2019-2025,"Ecological association, not causality or same-person evidence; Job 3 did not execute network-specific or H2 weighting sensitivities."
dropout_rate_percent,students_per_class,fundamental_anos_finais,total,total (school_location lens),2019-2025,0,H2-fundamental_anos_finais-dropout_rate_percent-S1-LOO-4307708,S1_CLASS_SIZE,LEAVE_OUT_VALE_4307708,0.0310948404080783,outcome percentage points per 1 student per class,0.0310948404080783,positive,0.0550444074528429,0.0806884214428999,3470,496,unweighted,false,true,sensitivity,true,"[0.031006954585792699,0.060907594520913003]",0.0310069545857927,0.0315261626840863,0.0318677132645417,Nova Santa Rita: dropout_rate_percent 3.5% -> 0.29999999999999999% (-3.2000000000000002 pp); the model does not include a local condition trajectory or a network-specific coefficient.,Jointly monitor students_per_class and dropout_rate_percent in fundamental_anos_finais; the executed model cannot assign the relation to a specific network.,municipality-year-stage match; education/condition at school-location lens; network=total; executed years=2019-2025,"Ecological association, not causality or same-person evidence; Job 3 did not execute network-specific or H2 weighting sensitivities."
dropout_rate_percent,students_per_class,fundamental_anos_finais,total,total (school_location lens),2019-2025,0,H2-fundamental_anos_finais-dropout_rate_percent-S1-LOO-4310801,S1_CLASS_SIZE,LEAVE_OUT_VALE_4310801,0.0312143412930401,outcome percentage points per 1 student per class,0.0312143412930401,positive,0.0541177812065069,0.0806884214428999,3470,496,unweighted,false,true,sensitivity,true,"[0.031006954585792699,0.060907594520913003]",0.0310069545857927,0.0315261626840863,0.0318677132645417,Nova Santa Rita: dropout_rate_percent 3.5% -> 0.29999999999999999% (-3.2000000000000002 pp); the model does not include a local condition trajectory or a network-specific coefficient.,Jointly monitor students_per_class and dropout_rate_percent in fundamental_anos_finais; the executed model cannot assign the relation to a specific network.,municipality-year-stage match; education/condition at school-location lens; network=total; executed years=2019-2025,"Ecological association, not causality or same-person evidence; Job 3 did not execute network-specific or H2 weighting sensitivities."
dropout_rate_percent,students_per_class,fundamental_anos_finais,total,total (school_location lens),2019-2025,0,H2-fundamental_anos_finais-dropout_rate_percent-S1-LOO-4313375,S1_CLASS_SIZE,LEAVE_OUT_VALE_4313375,0.0315261626840863,outcome percentage points per 1 student per class,0.0315261626840863,positive,0.0519223107462204,0.0806884214428999,3470,496,unweighted,false,true,sensitivity,true,"[0.031006954585792699,0.060907594520913003]",0.0310069545857927,0.0315261626840863,0.0318677132645417,Nova Santa Rita: dropout_rate_percent 3.5% -> 0.29999999999999999% (-3.2000000000000002 pp); the model does not include a local condition trajectory or a network-specific coefficient.,Jointly monitor students_per_class and dropout_rate_percent in fundamental_anos_finais; the executed model cannot assign the relation to a specific network.,municipality-year-stage match; education/condition at school-location lens; network=total; executed years=2019-2025,"Ecological association, not causality or same-person evidence; Job 3 did not execute network-specific or H2 weighting sensitivities."
dropout_rate_percent,students_per_class,fundamental_anos_finais,total,total (school_location lens),2019-2025,0,H2-fundamental_anos_finais-dropout_rate_percent-S1-LOO-4313409,S1_CLASS_SIZE,LEAVE_OUT_VALE_4313409,0.0312072983681257,outcome percentage points per 1 student per class,0.0312072983681257,positive,0.054155261404786,0.0806884214428999,3470,496,unweighted,false,true,sensitivity,true,"[0.031006954585792699,0.060907594520913003]",0.0310069545857927,0.0315261626840863,0.0318677132645417,Nova Santa Rita: dropout_rate_percent 3.5% -> 0.29999999999999999% (-3.2000000000000002 pp); the model does not include a local condition trajectory or a network-specific coefficient.,Jointly monitor students_per_class and dropout_rate_percent in fundamental_anos_finais; the executed model cannot assign the relation to a specific network.,municipality-year-stage match; education/condition at school-location lens; network=total; executed years=2019-2025,"Ecological association, not causality or same-person evidence; Job 3 did not execute network-specific or H2 weighting sensitivities."
dropout_rate_percent,students_per_class,fundamental_anos_finais,total,total (school_location lens),2019-2025,0,H2-fundamental_anos_finais-dropout_rate_percent-S1-LOO-4314803,S1_CLASS_SIZE,LEAVE_OUT_VALE_4314803,0.031136526664237,outcome percentage points per 1 student per class,0.031136526664237,positive,0.0547141041136476,0.0806884214428999,3470,496,unweighted,false,true,sensitivity,true,"[0.031006954585792699,0.060907594520913003]",0.0310069545857927,0.0315261626840863,0.0318677132645417,Nova Santa Rita: dropout_rate_percent 3.5% -> 0.29999999999999999% (-3.2000000000000002 pp); the model does not include a local condition trajectory or a network-specific coefficient.,Jointly monitor students_per_class and dropout_rate_percent in fundamental_anos_finais; the executed model cannot assign the relation to a specific network.,municipality-year-stage match; education/condition at school-location lens; network=total; executed years=2019-2025,"Ecological association, not causality or same-person evidence; Job 3 did not execute network-specific or H2 weighting sensitivities."
dropout_rate_percent,students_per_class,fundamental_anos_finais,total,total (school_location lens),2019-2025,0,H2-fundamental_anos_finais-dropout_rate_percent-S1-LOO-4318705,S1_CLASS_SIZE,LEAVE_OUT_VALE_4318705,0.0313216054156377,outcome percentage points per 1 student per class,0.0313216054156377,positive,0.0533379386027184,0.0806884214428999,3470,496,unweighted,false,true,sensitivity,true,"[0.031006954585792699,0.060907594520913003]",0.0310069545857927,0.0315261626840863,0.0318677132645417,Nova Santa Rita: dropout_rate_percent 3.5% -> 0.29999999999999999% (-3.2000000000000002 pp); the model does not include a local condition trajectory or a network-specific coefficient.,Jointly monitor students_per_class and dropout_rate_percent in fundamental_anos_finais; the executed model cannot assign the relation to a specific network.,municipality-year-stage match; education/condition at school-location lens; network=total; executed years=2019-2025,"Ecological association, not causality or same-person evidence; Job 3 did not execute network-specific or H2 weighting sensitivities."
dropout_rate_percent,students_per_class,fundamental_anos_finais,total,total (school_location lens),2019-2025,0,H2-fundamental_anos_finais-dropout_rate_percent-S1-LOO-4320008,S1_CLASS_SIZE,LEAVE_OUT_VALE_4320008,0.0310069545857927,outcome percentage points per 1 student per class,0.0310069545857927,positive,0.0557005024156566,0.0808555680227274,3470,496,unweighted,false,true,sensitivity,true,"[0.031006954585792699,0.060907594520913003]",0.0310069545857927,0.0315261626840863,0.0318677132645417,Nova Santa Rita: dropout_rate_percent 3.5% -> 0.29999999999999999% (-3.2000000000000002 pp); the model does not include a local condition trajectory or a network-specific coefficient.,Jointly monitor students_per_class and dropout_rate_percent in fundamental_anos_finais; the executed model cannot assign the relation to a specific network.,municipality-year-stage match; education/condition at school-location lens; network=total; executed years=2019-2025,"Ecological association, not causality or same-person evidence; Job 3 did not execute network-specific or H2 weighting sensitivities."
dropout_rate_percent,students_per_class,fundamental_anos_finais,total,total (school_location lens),2019-2025,0,H2-fundamental_anos_finais-dropout_rate_percent-S1-NO_FE,S1_CLASS_SIZE,NO_FE_DIAGNOSTIC,0.0393638866580756,outcome percentage points per 1 student per class,0.0393638866580756,positive,3.1532862235069925e-06,1.2076415324069332e-05,3477,497,unweighted,false,false,sensitivity,true,"[0.031006954585792699,0.060907594520913003]",0.0310069545857927,0.0315261626840863,0.0318677132645417,Nova Santa Rita: dropout_rate_percent 3.5% -> 0.29999999999999999% (-3.2000000000000002 pp); the model does not include a local condition trajectory or a network-specific coefficient.,Jointly monitor students_per_class and dropout_rate_percent in fundamental_anos_finais; the executed model cannot assign the relation to a specific network.,municipality-year-stage match; education/condition at school-location lens; network=total; executed years=2019-2025,"Ecological association, not causality or same-person evidence; Job 3 did not execute network-specific or H2 weighting sensitivities."
dropout_rate_percent,students_per_class,fundamental_anos_finais,total,total (school_location lens),2022-2025,0,H2-fundamental_anos_finais-dropout_rate_percent-S1-WINDOW_2022_2025,S1_CLASS_SIZE,WINDOW_2022_2025,0.060907594520913,outcome percentage points per 1 student per class,0.060907594520913,positive,0.0179720274965544,0.0376158715044162,1987,497,unweighted,false,true,sensitivity,true,"[0.031006954585792699,0.060907594520913003]",0.0310069545857927,0.0315261626840863,0.0318677132645417,Nova Santa Rita: dropout_rate_percent 3.5% -> 0.29999999999999999% (-3.2000000000000002 pp); the model does not include a local condition trajectory or a network-specific coefficient.,Jointly monitor students_per_class and dropout_rate_percent in fundamental_anos_finais; the executed model cannot assign the relation to a specific network.,municipality-year-stage match; education/condition at school-location lens; network=total; executed years=2022-2025,"Ecological association, not causality or same-person evidence; Job 3 did not execute network-specific or H2 weighting sensitivities."
dropout_rate_percent,students_per_class,fundamental_anos_finais,total,total (school_location lens),2019-2025,0,H2-fundamental_anos_finais-dropout_rate_percent-S1_CLASS_SIZE,S1_CLASS_SIZE,MAIN_2019_2025,0.0311962000390696,outcome percentage points per 1 student per class,0.0311962000390696,positive,0.0542096415798463,0.0806884214428999,3477,497,unweighted,false,true,main,true,"[0.031006954585792699,0.060907594520913003]",0.0310069545857927,0.0315261626840863,0.0318677132645417,Nova Santa Rita: dropout_rate_percent 3.5% -> 0.29999999999999999% (-3.2000000000000002 pp); the model does not include a local condition trajectory or a network-specific coefficient.,Jointly monitor students_per_class and dropout_rate_percent in fundamental_anos_finais; the executed model cannot assign the relation to a specific network.,municipality-year-stage match; education/condition at school-location lens; network=total; executed years=2019-2025,"Ecological association, not causality or same-person evidence; Job 3 did not execute network-specific or H2 weighting sensitivities."
dropout_rate_percent,teacher_adequacy_percent,fundamental_anos_finais,total,total (school_location lens),2019-2025,0,H2-fundamental_anos_finais-dropout_rate_percent-S2_TEACHER_ADEQUACY,S2_TEACHER_ADEQUACY,MAIN_2019_2025,-0.0030539259866536,outcome percentage points per 1 percentage point of teacher adequacy,0.0030539259866536,negative,0.3453576087091874,0.4010604488235725,3479,497,unweighted,false,true,main,true,"[0.0030539259866535998,0.0030539259866535998]",not_executed_for_relation,not_executed_for_relation,not_executed_for_relation,Nova Santa Rita: dropout_rate_percent 3.5% -> 0.29999999999999999% (-3.2000000000000002 pp); the model does not include a local condition trajectory or a network-specific coefficient.,Jointly monitor teacher_adequacy_percent and dropout_rate_percent in fundamental_anos_finais; the executed model cannot assign the relation to a specific network.,municipality-year-stage match; education/condition at school-location lens; network=total; executed years=2019-2025,"Ecological association, not causality or same-person evidence; Job 3 did not execute network-specific or H2 weighting sensitivities."
dropout_rate_percent,schools_with_broadband_percent,fundamental_anos_finais,total,total (school_location lens),2019-2025,0,H2-fundamental_anos_finais-dropout_rate_percent-S3-WITHOUT-INSE,S3_BROADBAND_INSE,WITHOUT_INSE,0.0030208280017779,outcome percentage points per 1 percentage point of schools with broadband,0.0030208280017779,positive,0.0743619391812138,0.1029626850201423,3479,497,unweighted,false,true,sensitivity,true,"[0.00055762368221950001,0.0030208280017779]",not_executed_for_relation,not_executed_for_relation,not_executed_for_relation,Nova Santa Rita: dropout_rate_percent 3.5% -> 0.29999999999999999% (-3.2000000000000002 pp); the model does not include a local condition trajectory or a network-specific coefficient.,Jointly monitor schools_with_broadband_percent and dropout_rate_percent in fundamental_anos_finais; the executed model cannot assign the relation to a specific network.,municipality-year-stage match; education/condition at school-location lens; network=total; executed years=2019-2025,"Ecological association, not causality or same-person evidence; Job 3 did not execute network-specific or H2 weighting sensitivities."
dropout_rate_percent,schools_with_broadband_percent,fundamental_anos_finais,total,total (school_location lens),2019-2023,0,H2-fundamental_anos_finais-dropout_rate_percent-S3_BROADBAND_INSE,S3_BROADBAND_INSE,MAIN_2019_2025,0.0005576236822195,outcome percentage points per 1 percentage point of schools with broadband,0.0005576236822195,positive,0.8492042974847567,0.8858563174301624,1485,497,unweighted,true,true,main,true,"[0.00055762368221950001,0.0030208280017779]",not_executed_for_relation,not_executed_for_relation,not_executed_for_relation,Nova Santa Rita: dropout_rate_percent 3.5% -> 0.29999999999999999% (-3.2000000000000002 pp); the model does not include a local condition trajectory or a network-specific coefficient.,Jointly monitor schools_with_broadband_percent and dropout_rate_percent in fundamental_anos_finais; the executed model cannot assign the relation to a specific network.,municipality-year-stage match; education/condition at school-location lens; network=total; executed years=2019-2023,"Ecological association, not causality or same-person evidence; Job 3 did not execute network-specific or H2 weighting sensitivities."
failure_rate_percent,students_per_class,fundamental_anos_finais,total,total (school_location lens),2019;2022-2025,0,H2-fundamental_anos_finais-failure_rate_percent-S1-EXCLUDE_2020_2021,S1_CLASS_SIZE,EXCLUDE_2020_2021,0.1913107832872088,outcome percentage points per 1 student per class,0.1913107832872088,positive,0.000722515693414,0.0016673439078786,2484,497,unweighted,false,true,sensitivity,true,"[0.069350195164205694,0.1913107832872088]",0.0967917868603695,0.0979560824904595,0.1913107832872088,No Nova Santa Rita fact at the identical stage/outcome grain in Job 3.,Jointly monitor students_per_class and failure_rate_percent in fundamental_anos_finais; the executed model cannot assign the relation to a specific network.,municipality-year-stage match; education/condition at school-location lens; network=total; executed years=2019;2022-2025,"Ecological association, not causality or same-person evidence; Job 3 did not execute network-specific or H2 weighting sensitivities."
failure_rate_percent,students_per_class,fundamental_anos_finais,total,total (school_location lens),2020-2025,1,H2-fundamental_anos_finais-failure_rate_percent-S1-LAG1,S1_CLASS_SIZE,LAG_1,0.0693501951642057,outcome percentage points per 1 student per class,0.0693501951642057,positive,0.1468923442160121,0.1798681765910353,2980,497,unweighted,false,true,sensitivity,true,"[0.069350195164205694,0.1913107832872088]",0.0967917868603695,0.0979560824904595,0.1913107832872088,No Nova Santa Rita fact at the identical stage/outcome grain in Job 3.,Jointly monitor students_per_class and failure_rate_percent in fundamental_anos_finais; the executed model cannot assign the relation to a specific network.,municipality-year-stage match; education/condition at school-location lens; network=total; executed years=2020-2025,"Ecological association, not causality or same-person evidence; Job 3 did not execute network-specific or H2 weighting sensitivities."
failure_rate_percent,students_per_class,fundamental_anos_finais,total,total (school_location lens),2019-2025,0,H2-fundamental_anos_finais-failure_rate_percent-S1-LOO-4303905,S1_CLASS_SIZE,LEAVE_OUT_VALE_4303905,0.0967917868603695,outcome percentage points per 1 student per class,0.0967917868603695,positive,0.0368255400517293,0.059183903654565,3470,496,unweighted,false,true,sensitivity,true,"[0.069350195164205694,0.1913107832872088]",0.0967917868603695,0.0979560824904595,0.1913107832872088,No Nova Santa Rita fact at the identical stage/outcome grain in Job 3.,Jointly monitor students_per_class and failure_rate_percent in fundamental_anos_finais; the executed model cannot assign the relation to a specific network.,municipality-year-stage match; education/condition at school-location lens; network=total; executed years=2019-2025,"Ecological association, not causality or same-person evidence; Job 3 did not execute network-specific or H2 weighting sensitivities."
failure_rate_percent,students_per_class,fundamental_anos_finais,total,total (school_location lens),2019-2025,0,H2-fundamental_anos_finais-failure_rate_percent-S1-LOO-4306403,S1_CLASS_SIZE,LEAVE_OUT_VALE_4306403,0.0974982773016816,outcome percentage points per 1 student per class,0.0974982773016816,positive,0.0355227377461344,0.059183903654565,3470,496,unweighted,false,true,sensitivity,true,"[0.069350195164205694,0.1913107832872088]",0.0967917868603695,0.0979560824904595,0.1913107832872088,No Nova Santa Rita fact at the identical stage/outcome grain in Job 3.,Jointly monitor students_per_class and failure_rate_percent in fundamental_anos_finais; the executed model cannot assign the relation to a specific network.,municipality-year-stage match; education/condition at school-location lens; network=total; executed years=2019-2025,"Ecological association, not causality or same-person evidence; Job 3 did not execute network-specific or H2 weighting sensitivities."
failure_rate_percent,students_per_class,fundamental_anos_finais,total,total (school_location lens),2019-2025,0,H2-fundamental_anos_finais-failure_rate_percent-S1-LOO-4307609,S1_CLASS_SIZE,LEAVE_OUT_VALE_4307609,0.0976209259439466,outcome percentage points per 1 student per class,0.0976209259439466,positive,0.0354195518793845,0.059183903654565,3470,496,unweighted,false,true,sensitivity,true,"[0.069350195164205694,0.1913107832872088]",0.0967917868603695,0.0979560824904595,0.1913107832872088,No Nova Santa Rita fact at the identical stage/outcome grain in Job 3.,Jointly monitor students_per_class and failure_rate_percent in fundamental_anos_finais; the executed model cannot assign the relation to a specific network.,municipality-year-stage match; education/condition at school-location lens; network=total; executed years=2019-2025,"Ecological association, not causality or same-person evidence; Job 3 did not execute network-specific or H2 weighting sensitivities."
failure_rate_percent,students_per_class,fundamental_anos_finais,total,total (school_location lens),2019-2025,0,H2-fundamental_anos_finais-failure_rate_percent-S1-LOO-4307708,S1_CLASS_SIZE,LEAVE_OUT_VALE_4307708,0.097470183692816,outcome percentage points per 1 student per class,0.097470183692816,positive,0.0355345467194391,0.059183903654565,3470,496,unweighted,false,true,sensitivity,true,"[0.069350195164205694,0.1913107832872088]",0.0967917868603695,0.0979560824904595,0.1913107832872088,No Nova Santa Rita fact at the identical stage/outcome grain in Job 3.,Jointly monitor students_per_class and failure_rate_percent in fundamental_anos_finais; the executed model cannot assign the relation to a specific network.,municipality-year-stage match; education/condition at school-location lens; network=total; executed years=2019-2025,"Ecological association, not causality or same-person evidence; Job 3 did not execute network-specific or H2 weighting sensitivities."
failure_rate_percent,students_per_class,fundamental_anos_finais,total,total (school_location lens),2019-2025,0,H2-fundamental_anos_finais-failure_rate_percent-S1-LOO-4310801,S1_CLASS_SIZE,LEAVE_OUT_VALE_4310801,0.0979560824904595,outcome percentage points per 1 student per class,0.0979560824904595,positive,0.0346340840695713,0.059183903654565,3470,496,unweighted,false,true,sensitivity,true,"[0.069350195164205694,0.1913107832872088]",0.0967917868603695,0.0979560824904595,0.1913107832872088,No Nova Santa Rita fact at the identical stage/outcome grain in Job 3.,Jointly monitor students_per_class and failure_rate_percent in fundamental_anos_finais; the executed model cannot assign the relation to a specific network.,municipality-year-stage match; education/condition at school-location lens; network=total; executed years=2019-2025,"Ecological association, not causality or same-person evidence; Job 3 did not execute network-specific or H2 weighting sensitivities."
failure_rate_percent,students_per_class,fundamental_anos_finais,total,total (school_location lens),2019-2025,0,H2-fundamental_anos_finais-failure_rate_percent-S1-LOO-4313375,S1_CLASS_SIZE,LEAVE_OUT_VALE_4313375,0.0978593638863398,outcome percentage points per 1 student per class,0.0978593638863398,positive,0.0348977328472739,0.059183903654565,3470,496,unweighted,false,true,sensitivity,true,"[0.069350195164205694,0.1913107832872088]",0.0967917868603695,0.0979560824904595,0.1913107832872088,No Nova Santa Rita fact at the identical stage/outcome grain in Job 3.,Jointly monitor students_per_class and failure_rate_percent in fundamental_anos_finais; the executed model cannot assign the relation to a specific network.,municipality-year-stage match; education/condition at school-location lens; network=total; executed years=2019-2025,"Ecological association, not causality or same-person evidence; Job 3 did not execute network-specific or H2 weighting sensitivities."
failure_rate_percent,students_per_class,fundamental_anos_finais,total,total (school_location lens),2019-2025,0,H2-fundamental_anos_finais-failure_rate_percent-S1-LOO-4313409,S1_CLASS_SIZE,LEAVE_OUT_VALE_4313409,0.0971273550354357,outcome percentage points per 1 student per class,0.0971273550354357,positive,0.0361813908338752,0.059183903654565,3470,496,unweighted,false,true,sensitivity,true,"[0.069350195164205694,0.1913107832872088]",0.0967917868603695,0.0979560824904595,0.1913107832872088,No Nova Santa Rita fact at the identical stage/outcome grain in Job 3.,Jointly monitor students_per_class and failure_rate_percent in fundamental_anos_finais; the executed model cannot assign the relation to a specific network.,municipality-year-stage match; education/condition at school-location lens; network=total; executed years=2019-2025,"Ecological association, not causality or same-person evidence; Job 3 did not execute network-specific or H2 weighting sensitivities."
failure_rate_percent,students_per_class,fundamental_anos_finais,total,total (school_location lens),2019-2025,0,H2-fundamental_anos_finais-failure_rate_percent-S1-LOO-4314803,S1_CLASS_SIZE,LEAVE_OUT_VALE_4314803,0.097125959130365,outcome percentage points per 1 student per class,0.097125959130365,positive,0.0361756407878041,0.059183903654565,3470,496,unweighted,false,true,sensitivity,true,"[0.069350195164205694,0.1913107832872088]",0.0967917868603695,0.0979560824904595,0.1913107832872088,No Nova Santa Rita fact at the identical stage/outcome grain in Job 3.,Jointly monitor students_per_class and failure_rate_percent in fundamental_anos_finais; the executed model cannot assign the relation to a specific network.,municipality-year-stage match; education/condition at school-location lens; network=total; executed years=2019-2025,"Ecological association, not causality or same-person evidence; Job 3 did not execute network-specific or H2 weighting sensitivities."
failure_rate_percent,students_per_class,fundamental_anos_finais,total,total (school_location lens),2019-2025,0,H2-fundamental_anos_finais-failure_rate_percent-S1-LOO-4318705,S1_CLASS_SIZE,LEAVE_OUT_VALE_4318705,0.0972702922340128,outcome percentage points per 1 student per class,0.0972702922340128,positive,0.0359470565234935,0.059183903654565,3470,496,unweighted,false,true,sensitivity,true,"[0.069350195164205694,0.1913107832872088]",0.0967917868603695,0.0979560824904595,0.1913107832872088,No Nova Santa Rita fact at the identical stage/outcome grain in Job 3.,Jointly monitor students_per_class and failure_rate_percent in fundamental_anos_finais; the executed model cannot assign the relation to a specific network.,municipality-year-stage match; education/condition at school-location lens; network=total; executed years=2019-2025,"Ecological association, not causality or same-person evidence; Job 3 did not execute network-specific or H2 weighting sensitivities."
failure_rate_percent,students_per_class,fundamental_anos_finais,total,total (school_location lens),2019-2025,0,H2-fundamental_anos_finais-failure_rate_percent-S1-LOO-4320008,S1_CLASS_SIZE,LEAVE_OUT_VALE_4320008,0.0975711657670764,outcome percentage points per 1 student per class,0.0975711657670764,positive,0.0353349788164236,0.059183903654565,3470,496,unweighted,false,true,sensitivity,true,"[0.069350195164205694,0.1913107832872088]",0.0967917868603695,0.0979560824904595,0.1913107832872088,No Nova Santa Rita fact at the identical stage/outcome grain in Job 3.,Jointly monitor students_per_class and failure_rate_percent in fundamental_anos_finais; the executed model cannot assign the relation to a specific network.,municipality-year-stage match; education/condition at school-location lens; network=total; executed years=2019-2025,"Ecological association, not causality or same-person evidence; Job 3 did not execute network-specific or H2 weighting sensitivities."
failure_rate_percent,students_per_class,fundamental_anos_finais,total,total (school_location lens),2019-2025,0,H2-fundamental_anos_finais-failure_rate_percent-S1-NO_FE,S1_CLASS_SIZE,NO_FE_DIAGNOSTIC,0.1703590939462272,outcome percentage points per 1 student per class,0.1703590939462272,positive,1.0196600252965845e-07,5.920606598496298e-07,3477,497,unweighted,false,false,sensitivity,true,"[0.069350195164205694,0.1913107832872088]",0.0967917868603695,0.0979560824904595,0.1913107832872088,No Nova Santa Rita fact at the identical stage/outcome grain in Job 3.,Jointly monitor students_per_class and failure_rate_percent in fundamental_anos_finais; the executed model cannot assign the relation to a specific network.,municipality-year-stage match; education/condition at school-location lens; network=total; executed years=2019-2025,"Ecological association, not causality or same-person evidence; Job 3 did not execute network-specific or H2 weighting sensitivities."
failure_rate_percent,students_per_class,fundamental_anos_finais,total,total (school_location lens),2022-2025,0,H2-fundamental_anos_finais-failure_rate_percent-S1-WINDOW_2022_2025,S1_CLASS_SIZE,WINDOW_2022_2025,0.0936582604156163,outcome percentage points per 1 student per class,0.0936582604156163,positive,0.1455294773818465,0.1794199036214546,1987,497,unweighted,false,true,sensitivity,true,"[0.069350195164205694,0.1913107832872088]",0.0967917868603695,0.0979560824904595,0.1913107832872088,No Nova Santa Rita fact at the identical stage/outcome grain in Job 3.,Jointly monitor students_per_class and failure_rate_percent in fundamental_anos_finais; the executed model cannot assign the relation to a specific network.,municipality-year-stage match; education/condition at school-location lens; network=total; executed years=2022-2025,"Ecological association, not causality or same-person evidence; Job 3 did not execute network-specific or H2 weighting sensitivities."
failure_rate_percent,students_per_class,fundamental_anos_finais,total,total (school_location lens),2019-2025,0,H2-fundamental_anos_finais-failure_rate_percent-S1_CLASS_SIZE,S1_CLASS_SIZE,MAIN_2019_2025,0.0973235594689283,outcome percentage points per 1 student per class,0.0973235594689283,positive,0.035783298817252,0.059183903654565,3477,497,unweighted,false,true,main,true,"[0.069350195164205694,0.1913107832872088]",0.0967917868603695,0.0979560824904595,0.1913107832872088,No Nova Santa Rita fact at the identical stage/outcome grain in Job 3.,Jointly monitor students_per_class and failure_rate_percent in fundamental_anos_finais; the executed model cannot assign the relation to a specific network.,municipality-year-stage match; education/condition at school-location lens; network=total; executed years=2019-2025,"Ecological association, not causality or same-person evidence; Job 3 did not execute network-specific or H2 weighting sensitivities."
failure_rate_percent,teacher_adequacy_percent,fundamental_anos_finais,total,total (school_location lens),2019-2025,0,H2-fundamental_anos_finais-failure_rate_percent-S2_TEACHER_ADEQUACY,S2_TEACHER_ADEQUACY,MAIN_2019_2025,-0.0004215435560852,outcome percentage points per 1 percentage point of teacher adequacy,0.0004215435560852,negative,0.9678226077245332,0.9678226077245332,3479,497,unweighted,false,true,main,true,"[0.00042154355608519999,0.00042154355608519999]",not_executed_for_relation,not_executed_for_relation,not_executed_for_relation,No Nova Santa Rita fact at the identical stage/outcome grain in Job 3.,Jointly monitor teacher_adequacy_percent and failure_rate_percent in fundamental_anos_finais; the executed model cannot assign the relation to a specific network.,municipality-year-stage match; education/condition at school-location lens; network=total; executed years=2019-2025,"Ecological association, not causality or same-person evidence; Job 3 did not execute network-specific or H2 weighting sensitivities."
failure_rate_percent,schools_with_broadband_percent,fundamental_anos_finais,total,total (school_location lens),2019-2025,0,H2-fundamental_anos_finais-failure_rate_percent-S3-WITHOUT-INSE,S3_BROADBAND_INSE,WITHOUT_INSE,0.0042039519854146,outcome percentage points per 1 percentage point of schools with broadband,0.0042039519854146,positive,0.4104204251401608,0.4705457103517766,3479,497,unweighted,false,true,sensitivity,false,"[0.0024342932789013002,0.0042039519854145998]",not_executed_for_relation,not_executed_for_relation,not_executed_for_relation,No Nova Santa Rita fact at the identical stage/outcome grain in Job 3.,Jointly monitor schools_with_broadband_percent and failure_rate_percent in fundamental_anos_finais; the executed model cannot assign the relation to a specific network.,municipality-year-stage match; education/condition at school-location lens; network=total; executed years=2019-2025,"Ecological association, not causality or same-person evidence; Job 3 did not execute network-specific or H2 weighting sensitivities."
failure_rate_percent,schools_with_broadband_percent,fundamental_anos_finais,total,total (school_location lens),2019-2023,0,H2-fundamental_anos_finais-failure_rate_percent-S3_BROADBAND_INSE,S3_BROADBAND_INSE,MAIN_2019_2025,-0.0024342932789013,outcome percentage points per 1 percentage point of schools with broadband,0.0024342932789013,negative,0.8043867418819359,0.8517036090514615,1485,497,unweighted,true,true,main,true,"[0.0024342932789013002,0.0042039519854145998]",not_executed_for_relation,not_executed_for_relation,not_executed_for_relation,No Nova Santa Rita fact at the identical stage/outcome grain in Job 3.,Jointly monitor schools_with_broadband_percent and failure_rate_percent in fundamental_anos_finais; the executed model cannot assign the relation to a specific network.,municipality-year-stage match; education/condition at school-location lens; network=total; executed years=2019-2023,"Ecological association, not causality or same-person evidence; Job 3 did not execute network-specific or H2 weighting sensitivities."
age_grade_distortion_rate_percent,students_per_class,fundamental_anos_iniciais,total,total (school_location lens),2019;2022-2025,0,H2-fundamental_anos_iniciais-age_grade_distortion_rate_percent-S1-EXCLUDE_2020_2021,S1_CLASS_SIZE,EXCLUDE_2020_2021,0.1965123651446546,outcome percentage points per 1 student per class,0.1965123651446546,positive,6.590802339902865e-05,0.000197724070197,2485,497,unweighted,false,true,sensitivity,true,"[0.064143049276287001,0.20771188079886879]",0.1557250855708472,0.1561230552129047,0.1965123651446546,No Nova Santa Rita fact at the identical stage/outcome grain in Job 3.,Jointly monitor students_per_class and age_grade_distortion_rate_percent in fundamental_anos_iniciais; the executed model cannot assign the relation to a specific network.,municipality-year-stage match; education/condition at school-location lens; network=total; executed years=2019;2022-2025,"Ecological association, not causality or same-person evidence; Job 3 did not execute network-specific or H2 weighting sensitivities."
age_grade_distortion_rate_percent,students_per_class,fundamental_anos_iniciais,total,total (school_location lens),2020-2025,1,H2-fundamental_anos_iniciais-age_grade_distortion_rate_percent-S1-LAG1,S1_CLASS_SIZE,LAG_1,0.064143049276287,outcome percentage points per 1 student per class,0.064143049276287,positive,0.1929407938459409,0.2299956482931746,2980,497,unweighted,false,true,sensitivity,true,"[0.064143049276287001,0.20771188079886879]",0.1557250855708472,0.1561230552129047,0.1965123651446546,No Nova Santa Rita fact at the identical stage/outcome grain in Job 3.,Jointly monitor students_per_class and age_grade_distortion_rate_percent in fundamental_anos_iniciais; the executed model cannot assign the relation to a specific network.,municipality-year-stage match; education/condition at school-location lens; network=total; executed years=2020-2025,"Ecological association, not causality or same-person evidence; Job 3 did not execute network-specific or H2 weighting sensitivities."
age_grade_distortion_rate_percent,students_per_class,fundamental_anos_iniciais,total,total (school_location lens),2019-2025,0,H2-fundamental_anos_iniciais-age_grade_distortion_rate_percent-S1-LOO-4303905,S1_CLASS_SIZE,LEAVE_OUT_VALE_4303905,0.1557369064039752,outcome percentage points per 1 student per class,0.1557369064039752,positive,0.0003038424609046,0.0007326170008907,3470,496,unweighted,false,true,sensitivity,true,"[0.064143049276287001,0.20771188079886879]",0.1557250855708472,0.1561230552129047,0.1965123651446546,No Nova Santa Rita fact at the identical stage/outcome grain in Job 3.,Jointly monitor students_per_class and age_grade_distortion_rate_percent in fundamental_anos_iniciais; the executed model cannot assign the relation to a specific network.,municipality-year-stage match; education/condition at school-location lens; network=total; executed years=2019-2025,"Ecological association, not causality or same-person evidence; Job 3 did not execute network-specific or H2 weighting sensitivities."
age_grade_distortion_rate_percent,students_per_class,fundamental_anos_iniciais,total,total (school_location lens),2019-2025,0,H2-fundamental_anos_iniciais-age_grade_distortion_rate_percent-S1-LOO-4306403,S1_CLASS_SIZE,LEAVE_OUT_VALE_4306403,0.1559092169939343,outcome percentage points per 1 student per class,0.1559092169939343,positive,0.0003012334510349,0.0007326170008907,3470,496,unweighted,false,true,sensitivity,true,"[0.064143049276287001,0.20771188079886879]",0.1557250855708472,0.1561230552129047,0.1965123651446546,No Nova Santa Rita fact at the identical stage/outcome grain in Job 3.,Jointly monitor students_per_class and age_grade_distortion_rate_percent in fundamental_anos_iniciais; the executed model cannot assign the relation to a specific network.,municipality-year-stage match; education/condition at school-location lens; network=total; executed years=2019-2025,"Ecological association, not causality or same-person evidence; Job 3 did not execute network-specific or H2 weighting sensitivities."
age_grade_distortion_rate_percent,students_per_class,fundamental_anos_iniciais,total,total (school_location lens),2019-2025,0,H2-fundamental_anos_iniciais-age_grade_distortion_rate_percent-S1-LOO-4307609,S1_CLASS_SIZE,LEAVE_OUT_VALE_4307609,0.1561230552129047,outcome percentage points per 1 student per class,0.1561230552129047,positive,0.0002937962906907,0.0007326170008907,3470,496,unweighted,false,true,sensitivity,true,"[0.064143049276287001,0.20771188079886879]",0.1557250855708472,0.1561230552129047,0.1965123651446546,No Nova Santa Rita fact at the identical stage/outcome grain in Job 3.,Jointly monitor students_per_class and age_grade_distortion_rate_percent in fundamental_anos_iniciais; the executed model cannot assign the relation to a specific network.,municipality-year-stage match; education/condition at school-location lens; network=total; executed years=2019-2025,"Ecological association, not causality or same-person evidence; Job 3 did not execute network-specific or H2 weighting sensitivities."
age_grade_distortion_rate_percent,students_per_class,fundamental_anos_iniciais,total,total (school_location lens),2019-2025,0,H2-fundamental_anos_iniciais-age_grade_distortion_rate_percent-S1-LOO-4307708,S1_CLASS_SIZE,LEAVE_OUT_VALE_4307708,0.1557832227362988,outcome percentage points per 1 student per class,0.1557832227362988,positive,0.0003026346853557,0.0007326170008907,3470,496,unweighted,false,true,sensitivity,true,"[0.064143049276287001,0.20771188079886879]",0.1557250855708472,0.1561230552129047,0.1965123651446546,No Nova Santa Rita fact at the identical stage/outcome grain in Job 3.,Jointly monitor students_per_class and age_grade_distortion_rate_percent in fundamental_anos_iniciais; the executed model cannot assign the relation to a specific network.,municipality-year-stage match; education/condition at school-location lens; network=total; executed years=2019-2025,"Ecological association, not causality or same-person evidence; Job 3 did not execute network-specific or H2 weighting sensitivities."
age_grade_distortion_rate_percent,students_per_class,fundamental_anos_iniciais,total,total (school_location lens),2019-2025,0,H2-fundamental_anos_iniciais-age_grade_distortion_rate_percent-S1-LOO-4310801,S1_CLASS_SIZE,LEAVE_OUT_VALE_4310801,0.1557434594993982,outcome percentage points per 1 student per class,0.1557434594993982,positive,0.0003057666118731,0.0007326170008907,3470,496,unweighted,false,true,sensitivity,true,"[0.064143049276287001,0.20771188079886879]",0.1557250855708472,0.1561230552129047,0.1965123651446546,No Nova Santa Rita fact at the identical stage/outcome grain in Job 3.,Jointly monitor students_per_class and age_grade_distortion_rate_percent in fundamental_anos_iniciais; the executed model cannot assign the relation to a specific network.,municipality-year-stage match; education/condition at school-location lens; network=total; executed years=2019-2025,"Ecological association, not causality or same-person evidence; Job 3 did not execute network-specific or H2 weighting sensitivities."
age_grade_distortion_rate_percent,students_per_class,fundamental_anos_iniciais,total,total (school_location lens),2019-2025,0,H2-fundamental_anos_iniciais-age_grade_distortion_rate_percent-S1-LOO-4313375,S1_CLASS_SIZE,LEAVE_OUT_VALE_4313375,0.1560674539210655,outcome percentage points per 1 student per class,0.1560674539210655,positive,0.0002950024335893,0.0007326170008907,3470,496,unweighted,false,true,sensitivity,true,"[0.064143049276287001,0.20771188079886879]",0.1557250855708472,0.1561230552129047,0.1965123651446546,No Nova Santa Rita fact at the identical stage/outcome grain in Job 3.,Jointly monitor students_per_class and age_grade_distortion_rate_percent in fundamental_anos_iniciais; the executed model cannot assign the relation to a specific network.,municipality-year-stage match; education/condition at school-location lens; network=total; executed years=2019-2025,"Ecological association, not causality or same-person evidence; Job 3 did not execute network-specific or H2 weighting sensitivities."
age_grade_distortion_rate_percent,students_per_class,fundamental_anos_iniciais,total,total (school_location lens),2019-2025,0,H2-fundamental_anos_iniciais-age_grade_distortion_rate_percent-S1-LOO-4313409,S1_CLASS_SIZE,LEAVE_OUT_VALE_4313409,0.1560494648614062,outcome percentage points per 1 student per class,0.1560494648614062,positive,0.0002951880893181,0.0007326170008907,3470,496,unweighted,false,true,sensitivity,true,"[0.064143049276287001,0.20771188079886879]",0.1557250855708472,0.1561230552129047,0.1965123651446546,No Nova Santa Rita fact at the identical stage/outcome grain in Job 3.,Jointly monitor students_per_class and age_grade_distortion_rate_percent in fundamental_anos_iniciais; the executed model cannot assign the relation to a specific network.,municipality-year-stage match; education/condition at school-location lens; network=total; executed years=2019-2025,"Ecological association, not causality or same-person evidence; Job 3 did not execute network-specific or H2 weighting sensitivities."
age_grade_distortion_rate_percent,students_per_class,fundamental_anos_iniciais,total,total (school_location lens),2019-2025,0,H2-fundamental_anos_iniciais-age_grade_distortion_rate_percent-S1-LOO-4314803,S1_CLASS_SIZE,LEAVE_OUT_VALE_4314803,0.1557250855708472,outcome percentage points per 1 student per class,0.1557250855708472,positive,0.0003093271781538,0.0007326170008907,3470,496,unweighted,false,true,sensitivity,true,"[0.064143049276287001,0.20771188079886879]",0.1557250855708472,0.1561230552129047,0.1965123651446546,No Nova Santa Rita fact at the identical stage/outcome grain in Job 3.,Jointly monitor students_per_class and age_grade_distortion_rate_percent in fundamental_anos_iniciais; the executed model cannot assign the relation to a specific network.,municipality-year-stage match; education/condition at school-location lens; network=total; executed years=2019-2025,"Ecological association, not causality or same-person evidence; Job 3 did not execute network-specific or H2 weighting sensitivities."
age_grade_distortion_rate_percent,students_per_class,fundamental_anos_iniciais,total,total (school_location lens),2019-2025,0,H2-fundamental_anos_iniciais-age_grade_distortion_rate_percent-S1-LOO-4318705,S1_CLASS_SIZE,LEAVE_OUT_VALE_4318705,0.1559716371872341,outcome percentage points per 1 student per class,0.1559716371872341,positive,0.0002961418599351,0.0007326170008907,3470,496,unweighted,false,true,sensitivity,true,"[0.064143049276287001,0.20771188079886879]",0.1557250855708472,0.1561230552129047,0.1965123651446546,No Nova Santa Rita fact at the identical stage/outcome grain in Job 3.,Jointly monitor students_per_class and age_grade_distortion_rate_percent in fundamental_anos_iniciais; the executed model cannot assign the relation to a specific network.,municipality-year-stage match; education/condition at school-location lens; network=total; executed years=2019-2025,"Ecological association, not causality or same-person evidence; Job 3 did not execute network-specific or H2 weighting sensitivities."
age_grade_distortion_rate_percent,students_per_class,fundamental_anos_iniciais,total,total (school_location lens),2019-2025,0,H2-fundamental_anos_iniciais-age_grade_distortion_rate_percent-S1-LOO-4320008,S1_CLASS_SIZE,LEAVE_OUT_VALE_4320008,0.1559448150476024,outcome percentage points per 1 student per class,0.1559448150476024,positive,0.0002982801747934,0.0007326170008907,3470,496,unweighted,false,true,sensitivity,true,"[0.064143049276287001,0.20771188079886879]",0.1557250855708472,0.1561230552129047,0.1965123651446546,No Nova Santa Rita fact at the identical stage/outcome grain in Job 3.,Jointly monitor students_per_class and age_grade_distortion_rate_percent in fundamental_anos_iniciais; the executed model cannot assign the relation to a specific network.,municipality-year-stage match; education/condition at school-location lens; network=total; executed years=2019-2025,"Ecological association, not causality or same-person evidence; Job 3 did not execute network-specific or H2 weighting sensitivities."
age_grade_distortion_rate_percent,students_per_class,fundamental_anos_iniciais,total,total (school_location lens),2019-2025,0,H2-fundamental_anos_iniciais-age_grade_distortion_rate_percent-S1-NO_FE,S1_CLASS_SIZE,NO_FE_DIAGNOSTIC,0.2077118807988688,outcome percentage points per 1 student per class,0.2077118807988688,positive,9.325728449355417e-09,5.59543706961325e-08,3477,497,unweighted,false,false,sensitivity,true,"[0.064143049276287001,0.20771188079886879]",0.1557250855708472,0.1561230552129047,0.1965123651446546,No Nova Santa Rita fact at the identical stage/outcome grain in Job 3.,Jointly monitor students_per_class and age_grade_distortion_rate_percent in fundamental_anos_iniciais; the executed model cannot assign the relation to a specific network.,municipality-year-stage match; education/condition at school-location lens; network=total; executed years=2019-2025,"Ecological association, not causality or same-person evidence; Job 3 did not execute network-specific or H2 weighting sensitivities."
age_grade_distortion_rate_percent,students_per_class,fundamental_anos_iniciais,total,total (school_location lens),2022-2025,0,H2-fundamental_anos_iniciais-age_grade_distortion_rate_percent-S1-WINDOW_2022_2025,S1_CLASS_SIZE,WINDOW_2022_2025,0.1126544466628094,outcome percentage points per 1 student per class,0.1126544466628094,positive,0.0836283675453812,0.1132604237655206,1988,497,unweighted,false,true,sensitivity,true,"[0.064143049276287001,0.20771188079886879]",0.1557250855708472,0.1561230552129047,0.1965123651446546,No Nova Santa Rita fact at the identical stage/outcome grain in Job 3.,Jointly monitor students_per_class and age_grade_distortion_rate_percent in fundamental_anos_iniciais; the executed model cannot assign the relation to a specific network.,municipality-year-stage match; education/condition at school-location lens; network=total; executed years=2022-2025,"Ecological association, not causality or same-person evidence; Job 3 did not execute network-specific or H2 weighting sensitivities."
age_grade_distortion_rate_percent,students_per_class,fundamental_anos_iniciais,total,total (school_location lens),2019-2025,0,H2-fundamental_anos_iniciais-age_grade_distortion_rate_percent-S1_CLASS_SIZE,S1_CLASS_SIZE,MAIN_2019_2025,0.1559557949517057,outcome percentage points per 1 student per class,0.1559557949517057,positive,0.0002970815484379,0.0007326170008907,3477,497,unweighted,false,true,main,true,"[0.064143049276287001,0.20771188079886879]",0.1557250855708472,0.1561230552129047,0.1965123651446546,No Nova Santa Rita fact at the identical stage/outcome grain in Job 3.,Jointly monitor students_per_class and age_grade_distortion_rate_percent in fundamental_anos_iniciais; the executed model cannot assign the relation to a specific network.,municipality-year-stage match; education/condition at school-location lens; network=total; executed years=2019-2025,"Ecological association, not causality or same-person evidence; Job 3 did not execute network-specific or H2 weighting sensitivities."
age_grade_distortion_rate_percent,teacher_adequacy_percent,fundamental_anos_iniciais,total,total (school_location lens),2019-2025,0,H2-fundamental_anos_iniciais-age_grade_distortion_rate_percent-S2_TEACHER_ADEQUACY,S2_TEACHER_ADEQUACY,MAIN_2019_2025,-0.0022387479451827,outcome percentage points per 1 percentage point of teacher adequacy,0.0022387479451827,negative,0.7260307537416313,0.782548117805351,3461,497,unweighted,false,true,main,true,"[0.0022387479451827,0.0022387479451827]",not_executed_for_relation,not_executed_for_relation,not_executed_for_relation,No Nova Santa Rita fact at the identical stage/outcome grain in Job 3.,Jointly monitor teacher_adequacy_percent and age_grade_distortion_rate_percent in fundamental_anos_iniciais; the executed model cannot assign the relation to a specific network.,municipality-year-stage match; education/condition at school-location lens; network=total; executed years=2019-2025,"Ecological association, not causality or same-person evidence; Job 3 did not execute network-specific or H2 weighting sensitivities."
age_grade_distortion_rate_percent,schools_with_broadband_percent,fundamental_anos_iniciais,total,total (school_location lens),2019-2025,0,H2-fundamental_anos_iniciais-age_grade_distortion_rate_percent-S3-WITHOUT-INSE,S3_BROADBAND_INSE,WITHOUT_INSE,-0.0091274373911482,outcome percentage points per 1 percentage point of schools with broadband,0.0091274373911482,negative,0.0578101060115737,0.0825858657308196,3479,497,unweighted,false,true,sensitivity,true,"[0.0091274373911481993,0.0117521059985002]",not_executed_for_relation,not_executed_for_relation,not_executed_for_relation,No Nova Santa Rita fact at the identical stage/outcome grain in Job 3.,Jointly monitor schools_with_broadband_percent and age_grade_distortion_rate_percent in fundamental_anos_iniciais; the executed model cannot assign the relation to a specific network.,municipality-year-stage match; education/condition at school-location lens; network=total; executed years=2019-2025,"Ecological association, not causality or same-person evidence; Job 3 did not execute network-specific or H2 weighting sensitivities."
age_grade_distortion_rate_percent,schools_with_broadband_percent,fundamental_anos_iniciais,total,total (school_location lens),2019-2023,0,H2-fundamental_anos_iniciais-age_grade_distortion_rate_percent-S3_BROADBAND_INSE,S3_BROADBAND_INSE,MAIN_2019_2025,-0.0117521059985002,outcome percentage points per 1 percentage point of schools with broadband,0.0117521059985002,negative,0.0366546662938809,0.059183903654565,1485,497,unweighted,true,true,main,true,"[0.0091274373911481993,0.0117521059985002]",not_executed_for_relation,not_executed_for_relation,not_executed_for_relation,No Nova Santa Rita fact at the identical stage/outcome grain in Job 3.,Jointly monitor schools_with_broadband_percent and age_grade_distortion_rate_percent in fundamental_anos_iniciais; the executed model cannot assign the relation to a specific network.,municipality-year-stage match; education/condition at school-location lens; network=total; executed years=2019-2023,"Ecological association, not causality or same-person evidence; Job 3 did not execute network-specific or H2 weighting sensitivities."
dropout_rate_percent,students_per_class,fundamental_anos_iniciais,total,total (school_location lens),2019;2022-2025,0,H2-fundamental_anos_iniciais-dropout_rate_percent-S1-EXCLUDE_2020_2021,S1_CLASS_SIZE,EXCLUDE_2020_2021,0.0156518055096729,outcome percentage points per 1 student per class,0.0156518055096729,positive,0.0612584836570219,0.0868230477028657,2485,497,unweighted,false,true,sensitivity,true,"[0.004985562528327,0.016469356771094401]",0.010635216129526,0.010882474347335,0.0156518055096729,No Nova Santa Rita fact at the identical stage/outcome grain in Job 3.,Jointly monitor students_per_class and dropout_rate_percent in fundamental_anos_iniciais; the executed model cannot assign the relation to a specific network.,municipality-year-stage match; education/condition at school-location lens; network=total; executed years=2019;2022-2025,"Ecological association, not causality or same-person evidence; Job 3 did not execute network-specific or H2 weighting sensitivities."
dropout_rate_percent,students_per_class,fundamental_anos_iniciais,total,total (school_location lens),2020-2025,1,H2-fundamental_anos_iniciais-dropout_rate_percent-S1-LAG1,S1_CLASS_SIZE,LAG_1,0.0077684942525616,outcome percentage points per 1 student per class,0.0077684942525616,positive,0.006794220411165,0.0145590437382108,2980,497,unweighted,false,true,sensitivity,true,"[0.004985562528327,0.016469356771094401]",0.010635216129526,0.010882474347335,0.0156518055096729,No Nova Santa Rita fact at the identical stage/outcome grain in Job 3.,Jointly monitor students_per_class and dropout_rate_percent in fundamental_anos_iniciais; the executed model cannot assign the relation to a specific network.,municipality-year-stage match; education/condition at school-location lens; network=total; executed years=2020-2025,"Ecological association, not causality or same-person evidence; Job 3 did not execute network-specific or H2 weighting sensitivities."
dropout_rate_percent,students_per_class,fundamental_anos_iniciais,total,total (school_location lens),2019-2025,0,H2-fundamental_anos_iniciais-dropout_rate_percent-S1-LOO-4303905,S1_CLASS_SIZE,LEAVE_OUT_VALE_4303905,0.010832348323181,outcome percentage points per 1 student per class,0.010832348323181,positive,0.0246863579495887,0.0474080770201575,3470,496,unweighted,false,true,sensitivity,true,"[0.004985562528327,0.016469356771094401]",0.010635216129526,0.010882474347335,0.0156518055096729,No Nova Santa Rita fact at the identical stage/outcome grain in Job 3.,Jointly monitor students_per_class and dropout_rate_percent in fundamental_anos_iniciais; the executed model cannot assign the relation to a specific network.,municipality-year-stage match; education/condition at school-location lens; network=total; executed years=2019-2025,"Ecological association, not causality or same-person evidence; Job 3 did not execute network-specific or H2 weighting sensitivities."
dropout_rate_percent,students_per_class,fundamental_anos_iniciais,total,total (school_location lens),2019-2025,0,H2-fundamental_anos_iniciais-dropout_rate_percent-S1-LOO-4306403,S1_CLASS_SIZE,LEAVE_OUT_VALE_4306403,0.0108463373243215,outcome percentage points per 1 student per class,0.0108463373243215,positive,0.0246751525236617,0.0474080770201575,3470,496,unweighted,false,true,sensitivity,true,"[0.004985562528327,0.016469356771094401]",0.010635216129526,0.010882474347335,0.0156518055096729,No Nova Santa Rita fact at the identical stage/outcome grain in Job 3.,Jointly monitor students_per_class and dropout_rate_percent in fundamental_anos_iniciais; the executed model cannot assign the relation to a specific network.,municipality-year-stage match; education/condition at school-location lens; network=total; executed years=2019-2025,"Ecological association, not causality or same-person evidence; Job 3 did not execute network-specific or H2 weighting sensitivities."
dropout_rate_percent,students_per_class,fundamental_anos_iniciais,total,total (school_location lens),2019-2025,0,H2-fundamental_anos_iniciais-dropout_rate_percent-S1-LOO-4307609,S1_CLASS_SIZE,LEAVE_OUT_VALE_4307609,0.0108529604759297,outcome percentage points per 1 student per class,0.0108529604759297,positive,0.0244295753947125,0.0474080770201575,3470,496,unweighted,false,true,sensitivity,true,"[0.004985562528327,0.016469356771094401]",0.010635216129526,0.010882474347335,0.0156518055096729,No Nova Santa Rita fact at the identical stage/outcome grain in Job 3.,Jointly monitor students_per_class and dropout_rate_percent in fundamental_anos_iniciais; the executed model cannot assign the relation to a specific network.,municipality-year-stage match; education/condition at school-location lens; network=total; executed years=2019-2025,"Ecological association, not causality or same-person evidence; Job 3 did not execute network-specific or H2 weighting sensitivities."
dropout_rate_percent,students_per_class,fundamental_anos_iniciais,total,total (school_location lens),2019-2025,0,H2-fundamental_anos_iniciais-dropout_rate_percent-S1-LOO-4307708,S1_CLASS_SIZE,LEAVE_OUT_VALE_4307708,0.0107511550510716,outcome percentage points per 1 student per class,0.0107511550510716,positive,0.0258987414251544,0.0480595201703896,3470,496,unweighted,false,true,sensitivity,true,"[0.004985562528327,0.016469356771094401]",0.010635216129526,0.010882474347335,0.0156518055096729,No Nova Santa Rita fact at the identical stage/outcome grain in Job 3.,Jointly monitor students_per_class and dropout_rate_percent in fundamental_anos_iniciais; the executed model cannot assign the relation to a specific network.,municipality-year-stage match; education/condition at school-location lens; network=total; executed years=2019-2025,"Ecological association, not causality or same-person evidence; Job 3 did not execute network-specific or H2 weighting sensitivities."
dropout_rate_percent,students_per_class,fundamental_anos_iniciais,total,total (school_location lens),2019-2025,0,H2-fundamental_anos_iniciais-dropout_rate_percent-S1-LOO-4310801,S1_CLASS_SIZE,LEAVE_OUT_VALE_4310801,0.010827464675452,outcome percentage points per 1 student per class,0.010827464675452,positive,0.024717150189111,0.0474080770201575,3470,496,unweighted,false,true,sensitivity,true,"[0.004985562528327,0.016469356771094401]",0.010635216129526,0.010882474347335,0.0156518055096729,No Nova Santa Rita fact at the identical stage/outcome grain in Job 3.,Jointly monitor students_per_class and dropout_rate_percent in fundamental_anos_iniciais; the executed model cannot assign the relation to a specific network.,municipality-year-stage match; education/condition at school-location lens; network=total; executed years=2019-2025,"Ecological association, not causality or same-person evidence; Job 3 did not execute network-specific or H2 weighting sensitivities."
dropout_rate_percent,students_per_class,fundamental_anos_iniciais,total,total (school_location lens),2019-2025,0,H2-fundamental_anos_iniciais-dropout_rate_percent-S1-LOO-4313375,S1_CLASS_SIZE,LEAVE_OUT_VALE_4313375,0.0107660916899395,outcome percentage points per 1 student per class,0.0107660916899395,positive,0.0256106490475178,0.0480199669640959,3470,496,unweighted,false,true,sensitivity,true,"[0.004985562528327,0.016469356771094401]",0.010635216129526,0.010882474347335,0.0156518055096729,No Nova Santa Rita fact at the identical stage/outcome grain in Job 3.,Jointly monitor students_per_class and dropout_rate_percent in fundamental_anos_iniciais; the executed model cannot assign the relation to a specific network.,municipality-year-stage match; education/condition at school-location lens; network=total; executed years=2019-2025,"Ecological association, not causality or same-person evidence; Job 3 did not execute network-specific or H2 weighting sensitivities."
dropout_rate_percent,students_per_class,fundamental_anos_iniciais,total,total (school_location lens),2019-2025,0,H2-fundamental_anos_iniciais-dropout_rate_percent-S1-LOO-4313409,S1_CLASS_SIZE,LEAVE_OUT_VALE_4313409,0.0108434248918535,outcome percentage points per 1 student per class,0.0108434248918535,positive,0.0245733892138782,0.0474080770201575,3470,496,unweighted,false,true,sensitivity,true,"[0.004985562528327,0.016469356771094401]",0.010635216129526,0.010882474347335,0.0156518055096729,No Nova Santa Rita fact at the identical stage/outcome grain in Job 3.,Jointly monitor students_per_class and dropout_rate_percent in fundamental_anos_iniciais; the executed model cannot assign the relation to a specific network.,municipality-year-stage match; education/condition at school-location lens; network=total; executed years=2019-2025,"Ecological association, not causality or same-person evidence; Job 3 did not execute network-specific or H2 weighting sensitivities."
dropout_rate_percent,students_per_class,fundamental_anos_iniciais,total,total (school_location lens),2019-2025,0,H2-fundamental_anos_iniciais-dropout_rate_percent-S1-LOO-4314803,S1_CLASS_SIZE,LEAVE_OUT_VALE_4314803,0.010635216129526,outcome percentage points per 1 student per class,0.010635216129526,positive,0.0274631966876677,0.0504426061610224,3470,496,unweighted,false,true,sensitivity,true,"[0.004985562528327,0.016469356771094401]",0.010635216129526,0.010882474347335,0.0156518055096729,No Nova Santa Rita fact at the identical stage/outcome grain in Job 3.,Jointly monitor students_per_class and dropout_rate_percent in fundamental_anos_iniciais; the executed model cannot assign the relation to a specific network.,municipality-year-stage match; education/condition at school-location lens; network=total; executed years=2019-2025,"Ecological association, not causality or same-person evidence; Job 3 did not execute network-specific or H2 weighting sensitivities."
dropout_rate_percent,students_per_class,fundamental_anos_iniciais,total,total (school_location lens),2019-2025,0,H2-fundamental_anos_iniciais-dropout_rate_percent-S1-LOO-4318705,S1_CLASS_SIZE,LEAVE_OUT_VALE_4318705,0.010882474347335,outcome percentage points per 1 student per class,0.010882474347335,positive,0.0240478696754169,0.0474080770201575,3470,496,unweighted,false,true,sensitivity,true,"[0.004985562528327,0.016469356771094401]",0.010635216129526,0.010882474347335,0.0156518055096729,No Nova Santa Rita fact at the identical stage/outcome grain in Job 3.,Jointly monitor students_per_class and dropout_rate_percent in fundamental_anos_iniciais; the executed model cannot assign the relation to a specific network.,municipality-year-stage match; education/condition at school-location lens; network=total; executed years=2019-2025,"Ecological association, not causality or same-person evidence; Job 3 did not execute network-specific or H2 weighting sensitivities."
dropout_rate_percent,students_per_class,fundamental_anos_iniciais,total,total (school_location lens),2019-2025,0,H2-fundamental_anos_iniciais-dropout_rate_percent-S1-LOO-4320008,S1_CLASS_SIZE,LEAVE_OUT_VALE_4320008,0.0108327404632336,outcome percentage points per 1 student per class,0.0108327404632336,positive,0.0247575513327489,0.0474080770201575,3470,496,unweighted,false,true,sensitivity,true,"[0.004985562528327,0.016469356771094401]",0.010635216129526,0.010882474347335,0.0156518055096729,No Nova Santa Rita fact at the identical stage/outcome grain in Job 3.,Jointly monitor students_per_class and dropout_rate_percent in fundamental_anos_iniciais; the executed model cannot assign the relation to a specific network.,municipality-year-stage match; education/condition at school-location lens; network=total; executed years=2019-2025,"Ecological association, not causality or same-person evidence; Job 3 did not execute network-specific or H2 weighting sensitivities."
dropout_rate_percent,students_per_class,fundamental_anos_iniciais,total,total (school_location lens),2019-2025,0,H2-fundamental_anos_iniciais-dropout_rate_percent-S1-NO_FE,S1_CLASS_SIZE,NO_FE_DIAGNOSTIC,0.0164693567710944,outcome percentage points per 1 student per class,0.0164693567710944,positive,2.8134249846799195e-12,3.1651031077649094e-11,3477,497,unweighted,false,false,sensitivity,true,"[0.004985562528327,0.016469356771094401]",0.010635216129526,0.010882474347335,0.0156518055096729,No Nova Santa Rita fact at the identical stage/outcome grain in Job 3.,Jointly monitor students_per_class and dropout_rate_percent in fundamental_anos_iniciais; the executed model cannot assign the relation to a specific network.,municipality-year-stage match; education/condition at school-location lens; network=total; executed years=2019-2025,"Ecological association, not causality or same-person evidence; Job 3 did not execute network-specific or H2 weighting sensitivities."
dropout_rate_percent,students_per_class,fundamental_anos_iniciais,total,total (school_location lens),2022-2025,0,H2-fundamental_anos_iniciais-dropout_rate_percent-S1-WINDOW_2022_2025,S1_CLASS_SIZE,WINDOW_2022_2025,0.004985562528327,outcome percentage points per 1 student per class,0.004985562528327,positive,0.3255584100959728,0.3830098942305562,1988,497,unweighted,false,true,sensitivity,true,"[0.004985562528327,0.016469356771094401]",0.010635216129526,0.010882474347335,0.0156518055096729,No Nova Santa Rita fact at the identical stage/outcome grain in Job 3.,Jointly monitor students_per_class and dropout_rate_percent in fundamental_anos_iniciais; the executed model cannot assign the relation to a specific network.,municipality-year-stage match; education/condition at school-location lens; network=total; executed years=2022-2025,"Ecological association, not causality or same-person evidence; Job 3 did not execute network-specific or H2 weighting sensitivities."
dropout_rate_percent,students_per_class,fundamental_anos_iniciais,total,total (school_location lens),2019-2025,0,H2-fundamental_anos_iniciais-dropout_rate_percent-S1_CLASS_SIZE,S1_CLASS_SIZE,MAIN_2019_2025,0.0108387751713184,outcome percentage points per 1 student per class,0.0108387751713184,positive,0.0246161099322004,0.0474080770201575,3477,497,unweighted,false,true,main,true,"[0.004985562528327,0.016469356771094401]",0.010635216129526,0.010882474347335,0.0156518055096729,No Nova Santa Rita fact at the identical stage/outcome grain in Job 3.,Jointly monitor students_per_class and dropout_rate_percent in fundamental_anos_iniciais; the executed model cannot assign the relation to a specific network.,municipality-year-stage match; education/condition at school-location lens; network=total; executed years=2019-2025,"Ecological association, not causality or same-person evidence; Job 3 did not execute network-specific or H2 weighting sensitivities."
dropout_rate_percent,teacher_adequacy_percent,fundamental_anos_iniciais,total,total (school_location lens),2019-2025,0,H2-fundamental_anos_iniciais-dropout_rate_percent-S2_TEACHER_ADEQUACY,S2_TEACHER_ADEQUACY,MAIN_2019_2025,-0.0018918719389754,outcome percentage points per 1 percentage point of teacher adequacy,0.0018918719389754,negative,0.1379453757949572,0.1720348609300986,3461,497,unweighted,false,true,main,true,"[0.0018918719389754001,0.0018918719389754001]",not_executed_for_relation,not_executed_for_relation,not_executed_for_relation,No Nova Santa Rita fact at the identical stage/outcome grain in Job 3.,Jointly monitor teacher_adequacy_percent and dropout_rate_percent in fundamental_anos_iniciais; the executed model cannot assign the relation to a specific network.,municipality-year-stage match; education/condition at school-location lens; network=total; executed years=2019-2025,"Ecological association, not causality or same-person evidence; Job 3 did not execute network-specific or H2 weighting sensitivities."
dropout_rate_percent,schools_with_broadband_percent,fundamental_anos_iniciais,total,total (school_location lens),2019-2025,0,H2-fundamental_anos_iniciais-dropout_rate_percent-S3-WITHOUT-INSE,S3_BROADBAND_INSE,WITHOUT_INSE,-0.0002559912811281,outcome percentage points per 1 percentage point of schools with broadband,0.0002559912811281,negative,0.4889572272758687,0.5535364837085307,3479,497,unweighted,false,true,sensitivity,true,"[0.0001333498869353,0.00025599128112809998]",not_executed_for_relation,not_executed_for_relation,not_executed_for_relation,No Nova Santa Rita fact at the identical stage/outcome grain in Job 3.,Jointly monitor schools_with_broadband_percent and dropout_rate_percent in fundamental_anos_iniciais; the executed model cannot assign the relation to a specific network.,municipality-year-stage match; education/condition at school-location lens; network=total; executed years=2019-2025,"Ecological association, not causality or same-person evidence; Job 3 did not execute network-specific or H2 weighting sensitivities."
dropout_rate_percent,schools_with_broadband_percent,fundamental_anos_iniciais,total,total (school_location lens),2019-2023,0,H2-fundamental_anos_iniciais-dropout_rate_percent-S3_BROADBAND_INSE,S3_BROADBAND_INSE,MAIN_2019_2025,-0.0001333498869353,outcome percentage points per 1 percentage point of schools with broadband,0.0001333498869353,negative,0.8290637737546699,0.8726987092154419,1485,497,unweighted,true,true,main,true,"[0.0001333498869353,0.00025599128112809998]",not_executed_for_relation,not_executed_for_relation,not_executed_for_relation,No Nova Santa Rita fact at the identical stage/outcome grain in Job 3.,Jointly monitor schools_with_broadband_percent and dropout_rate_percent in fundamental_anos_iniciais; the executed model cannot assign the relation to a specific network.,municipality-year-stage match; education/condition at school-location lens; network=total; executed years=2019-2023,"Ecological association, not causality or same-person evidence; Job 3 did not execute network-specific or H2 weighting sensitivities."
failure_rate_percent,students_per_class,fundamental_anos_iniciais,total,total (school_location lens),2019;2022-2025,0,H2-fundamental_anos_iniciais-failure_rate_percent-S1-EXCLUDE_2020_2021,S1_CLASS_SIZE,EXCLUDE_2020_2021,0.1036464313931835,outcome percentage points per 1 student per class,0.1036464313931835,positive,0.0008118838253812,0.0018498618806154,2485,497,unweighted,false,true,sensitivity,true,"[0.0033123721779112002,0.1112668683448893]",0.0424595247682986,0.0447177561520246,0.1036464313931835,Nova Santa Rita: failure_rate_percent 8.5% -> 3.8999999999999999% (-4.5999999999999996 pp); the model does not include a local condition trajectory or a network-specific coefficient.,Jointly monitor students_per_class and failure_rate_percent in fundamental_anos_iniciais; the executed model cannot assign the relation to a specific network.,municipality-year-stage match; education/condition at school-location lens; network=total; executed years=2019;2022-2025,"Ecological association, not causality or same-person evidence; Job 3 did not execute network-specific or H2 weighting sensitivities."
failure_rate_percent,students_per_class,fundamental_anos_iniciais,total,total (school_location lens),2020-2025,1,H2-fundamental_anos_iniciais-failure_rate_percent-S1-LAG1,S1_CLASS_SIZE,LAG_1,-0.0177346778364897,outcome percentage points per 1 student per class,0.0177346778364897,negative,0.6515625071409168,0.7151295810083232,2980,497,unweighted,false,true,sensitivity,false,"[0.0033123721779112002,0.1112668683448893]",0.0424595247682986,0.0447177561520246,0.1036464313931835,Nova Santa Rita: failure_rate_percent 8.5% -> 3.8999999999999999% (-4.5999999999999996 pp); the model does not include a local condition trajectory or a network-specific coefficient.,Jointly monitor students_per_class and failure_rate_percent in fundamental_anos_iniciais; the executed model cannot assign the relation to a specific network.,municipality-year-stage match; education/condition at school-location lens; network=total; executed years=2020-2025,"Ecological association, not causality or same-person evidence; Job 3 did not execute network-specific or H2 weighting sensitivities."
failure_rate_percent,students_per_class,fundamental_anos_iniciais,total,total (school_location lens),2019-2025,0,H2-fundamental_anos_iniciais-failure_rate_percent-S1-LOO-4303905,S1_CLASS_SIZE,LEAVE_OUT_VALE_4303905,0.044395645031613,outcome percentage points per 1 student per class,0.044395645031613,positive,0.0876966257353931,0.1132604237655206,3470,496,unweighted,false,true,sensitivity,true,"[0.0033123721779112002,0.1112668683448893]",0.0424595247682986,0.0447177561520246,0.1036464313931835,Nova Santa Rita: failure_rate_percent 8.5% -> 3.8999999999999999% (-4.5999999999999996 pp); the model does not include a local condition trajectory or a network-specific coefficient.,Jointly monitor students_per_class and failure_rate_percent in fundamental_anos_iniciais; the executed model cannot assign the relation to a specific network.,municipality-year-stage match; education/condition at school-location lens; network=total; executed years=2019-2025,"Ecological association, not causality or same-person evidence; Job 3 did not execute network-specific or H2 weighting sensitivities."
failure_rate_percent,students_per_class,fundamental_anos_iniciais,total,total (school_location lens),2019-2025,0,H2-fundamental_anos_iniciais-failure_rate_percent-S1-LOO-4306403,S1_CLASS_SIZE,LEAVE_OUT_VALE_4306403,0.0447177561520246,outcome percentage points per 1 student per class,0.0447177561520246,positive,0.08558438683211,0.1132604237655206,3470,496,unweighted,false,true,sensitivity,true,"[0.0033123721779112002,0.1112668683448893]",0.0424595247682986,0.0447177561520246,0.1036464313931835,Nova Santa Rita: failure_rate_percent 8.5% -> 3.8999999999999999% (-4.5999999999999996 pp); the model does not include a local condition trajectory or a network-specific coefficient.,Jointly monitor students_per_class and failure_rate_percent in fundamental_anos_iniciais; the executed model cannot assign the relation to a specific network.,municipality-year-stage match; education/condition at school-location lens; network=total; executed years=2019-2025,"Ecological association, not causality or same-person evidence; Job 3 did not execute network-specific or H2 weighting sensitivities."
failure_rate_percent,students_per_class,fundamental_anos_iniciais,total,total (school_location lens),2019-2025,0,H2-fundamental_anos_iniciais-failure_rate_percent-S1-LOO-4307609,S1_CLASS_SIZE,LEAVE_OUT_VALE_4307609,0.0444652220282167,outcome percentage points per 1 student per class,0.0444652220282167,positive,0.0872145011060642,0.1132604237655206,3470,496,unweighted,false,true,sensitivity,true,"[0.0033123721779112002,0.1112668683448893]",0.0424595247682986,0.0447177561520246,0.1036464313931835,Nova Santa Rita: failure_rate_percent 8.5% -> 3.8999999999999999% (-4.5999999999999996 pp); the model does not include a local condition trajectory or a network-specific coefficient.,Jointly monitor students_per_class and failure_rate_percent in fundamental_anos_iniciais; the executed model cannot assign the relation to a specific network.,municipality-year-stage match; education/condition at school-location lens; network=total; executed years=2019-2025,"Ecological association, not causality or same-person evidence; Job 3 did not execute network-specific or H2 weighting sensitivities."
failure_rate_percent,students_per_class,fundamental_anos_iniciais,total,total (school_location lens),2019-2025,0,H2-fundamental_anos_iniciais-failure_rate_percent-S1-LOO-4307708,S1_CLASS_SIZE,LEAVE_OUT_VALE_4307708,0.044261434715304,outcome percentage points per 1 student per class,0.044261434715304,positive,0.0887206652829911,0.1132604237655206,3470,496,unweighted,false,true,sensitivity,true,"[0.0033123721779112002,0.1112668683448893]",0.0424595247682986,0.0447177561520246,0.1036464313931835,Nova Santa Rita: failure_rate_percent 8.5% -> 3.8999999999999999% (-4.5999999999999996 pp); the model does not include a local condition trajectory or a network-specific coefficient.,Jointly monitor students_per_class and failure_rate_percent in fundamental_anos_iniciais; the executed model cannot assign the relation to a specific network.,municipality-year-stage match; education/condition at school-location lens; network=total; executed years=2019-2025,"Ecological association, not causality or same-person evidence; Job 3 did not execute network-specific or H2 weighting sensitivities."
failure_rate_percent,students_per_class,fundamental_anos_iniciais,total,total (school_location lens),2019-2025,0,H2-fundamental_anos_iniciais-failure_rate_percent-S1-LOO-4310801,S1_CLASS_SIZE,LEAVE_OUT_VALE_4310801,0.0443536452323783,outcome percentage points per 1 student per class,0.0443536452323783,positive,0.088162365508653,0.1132604237655206,3470,496,unweighted,false,true,sensitivity,true,"[0.0033123721779112002,0.1112668683448893]",0.0424595247682986,0.0447177561520246,0.1036464313931835,Nova Santa Rita: failure_rate_percent 8.5% -> 3.8999999999999999% (-4.5999999999999996 pp); the model does not include a local condition trajectory or a network-specific coefficient.,Jointly monitor students_per_class and failure_rate_percent in fundamental_anos_iniciais; the executed model cannot assign the relation to a specific network.,municipality-year-stage match; education/condition at school-location lens; network=total; executed years=2019-2025,"Ecological association, not causality or same-person evidence; Job 3 did not execute network-specific or H2 weighting sensitivities."
failure_rate_percent,students_per_class,fundamental_anos_iniciais,total,total (school_location lens),2019-2025,0,H2-fundamental_anos_iniciais-failure_rate_percent-S1-LOO-4313375,S1_CLASS_SIZE,LEAVE_OUT_VALE_4313375,0.0442726158467616,outcome percentage points per 1 student per class,0.0442726158467616,positive,0.0886899781979222,0.1132604237655206,3470,496,unweighted,false,true,sensitivity,true,"[0.0033123721779112002,0.1112668683448893]",0.0424595247682986,0.0447177561520246,0.1036464313931835,Nova Santa Rita: failure_rate_percent 8.5% -> 3.8999999999999999% (-4.5999999999999996 pp); the model does not include a local condition trajectory or a network-specific coefficient.,Jointly monitor students_per_class and failure_rate_percent in fundamental_anos_iniciais; the executed model cannot assign the relation to a specific network.,municipality-year-stage match; education/condition at school-location lens; network=total; executed years=2019-2025,"Ecological association, not causality or same-person evidence; Job 3 did not execute network-specific or H2 weighting sensitivities."
failure_rate_percent,students_per_class,fundamental_anos_iniciais,total,total (school_location lens),2019-2025,0,H2-fundamental_anos_iniciais-failure_rate_percent-S1-LOO-4313409,S1_CLASS_SIZE,LEAVE_OUT_VALE_4313409,0.0444893997119057,outcome percentage points per 1 student per class,0.0444893997119057,positive,0.0870480912919909,0.1132604237655206,3470,496,unweighted,false,true,sensitivity,true,"[0.0033123721779112002,0.1112668683448893]",0.0424595247682986,0.0447177561520246,0.1036464313931835,Nova Santa Rita: failure_rate_percent 8.5% -> 3.8999999999999999% (-4.5999999999999996 pp); the model does not include a local condition trajectory or a network-specific coefficient.,Jointly monitor students_per_class and failure_rate_percent in fundamental_anos_iniciais; the executed model cannot assign the relation to a specific network.,municipality-year-stage match; education/condition at school-location lens; network=total; executed years=2019-2025,"Ecological association, not causality or same-person evidence; Job 3 did not execute network-specific or H2 weighting sensitivities."
failure_rate_percent,students_per_class,fundamental_anos_iniciais,total,total (school_location lens),2019-2025,0,H2-fundamental_anos_iniciais-failure_rate_percent-S1-LOO-4314803,S1_CLASS_SIZE,LEAVE_OUT_VALE_4314803,0.0424595247682986,outcome percentage points per 1 student per class,0.0424595247682986,positive,0.1018989090098881,0.1291676311392948,3470,496,unweighted,false,true,sensitivity,true,"[0.0033123721779112002,0.1112668683448893]",0.0424595247682986,0.0447177561520246,0.1036464313931835,Nova Santa Rita: failure_rate_percent 8.5% -> 3.8999999999999999% (-4.5999999999999996 pp); the model does not include a local condition trajectory or a network-specific coefficient.,Jointly monitor students_per_class and failure_rate_percent in fundamental_anos_iniciais; the executed model cannot assign the relation to a specific network.,municipality-year-stage match; education/condition at school-location lens; network=total; executed years=2019-2025,"Ecological association, not causality or same-person evidence; Job 3 did not execute network-specific or H2 weighting sensitivities."
failure_rate_percent,students_per_class,fundamental_anos_iniciais,total,total (school_location lens),2019-2025,0,H2-fundamental_anos_iniciais-failure_rate_percent-S1-LOO-4318705,S1_CLASS_SIZE,LEAVE_OUT_VALE_4318705,0.0446322609088328,outcome percentage points per 1 student per class,0.0446322609088328,positive,0.0859803307764325,0.1132604237655206,3470,496,unweighted,false,true,sensitivity,true,"[0.0033123721779112002,0.1112668683448893]",0.0424595247682986,0.0447177561520246,0.1036464313931835,Nova Santa Rita: failure_rate_percent 8.5% -> 3.8999999999999999% (-4.5999999999999996 pp); the model does not include a local condition trajectory or a network-specific coefficient.,Jointly monitor students_per_class and failure_rate_percent in fundamental_anos_iniciais; the executed model cannot assign the relation to a specific network.,municipality-year-stage match; education/condition at school-location lens; network=total; executed years=2019-2025,"Ecological association, not causality or same-person evidence; Job 3 did not execute network-specific or H2 weighting sensitivities."
failure_rate_percent,students_per_class,fundamental_anos_iniciais,total,total (school_location lens),2019-2025,0,H2-fundamental_anos_iniciais-failure_rate_percent-S1-LOO-4320008,S1_CLASS_SIZE,LEAVE_OUT_VALE_4320008,0.044570842577148,outcome percentage points per 1 student per class,0.044570842577148,positive,0.0864729129898958,0.1132604237655206,3470,496,unweighted,false,true,sensitivity,true,"[0.0033123721779112002,0.1112668683448893]",0.0424595247682986,0.0447177561520246,0.1036464313931835,Nova Santa Rita: failure_rate_percent 8.5% -> 3.8999999999999999% (-4.5999999999999996 pp); the model does not include a local condition trajectory or a network-specific coefficient.,Jointly monitor students_per_class and failure_rate_percent in fundamental_anos_iniciais; the executed model cannot assign the relation to a specific network.,municipality-year-stage match; education/condition at school-location lens; network=total; executed years=2019-2025,"Ecological association, not causality or same-person evidence; Job 3 did not execute network-specific or H2 weighting sensitivities."
failure_rate_percent,students_per_class,fundamental_anos_iniciais,total,total (school_location lens),2019-2025,0,H2-fundamental_anos_iniciais-failure_rate_percent-S1-NO_FE,S1_CLASS_SIZE,NO_FE_DIAGNOSTIC,0.1112668683448893,outcome percentage points per 1 student per class,0.1112668683448893,positive,3.2785144542927397e-09,2.034940006112735e-08,3477,497,unweighted,false,false,sensitivity,true,"[0.0033123721779112002,0.1112668683448893]",0.0424595247682986,0.0447177561520246,0.1036464313931835,Nova Santa Rita: failure_rate_percent 8.5% -> 3.8999999999999999% (-4.5999999999999996 pp); the model does not include a local condition trajectory or a network-specific coefficient.,Jointly monitor students_per_class and failure_rate_percent in fundamental_anos_iniciais; the executed model cannot assign the relation to a specific network.,municipality-year-stage match; education/condition at school-location lens; network=total; executed years=2019-2025,"Ecological association, not causality or same-person evidence; Job 3 did not execute network-specific or H2 weighting sensitivities."
failure_rate_percent,students_per_class,fundamental_anos_iniciais,total,total (school_location lens),2022-2025,0,H2-fundamental_anos_iniciais-failure_rate_percent-S1-WINDOW_2022_2025,S1_CLASS_SIZE,WINDOW_2022_2025,0.0033123721779112,outcome percentage points per 1 student per class,0.0033123721779112,positive,0.9289605469422794,0.939398305896687,1988,497,unweighted,false,true,sensitivity,true,"[0.0033123721779112002,0.1112668683448893]",0.0424595247682986,0.0447177561520246,0.1036464313931835,Nova Santa Rita: failure_rate_percent 8.5% -> 3.8999999999999999% (-4.5999999999999996 pp); the model does not include a local condition trajectory or a network-specific coefficient.,Jointly monitor students_per_class and failure_rate_percent in fundamental_anos_iniciais; the executed model cannot assign the relation to a specific network.,municipality-year-stage match; education/condition at school-location lens; network=total; executed years=2022-2025,"Ecological association, not causality or same-person evidence; Job 3 did not execute network-specific or H2 weighting sensitivities."
failure_rate_percent,students_per_class,fundamental_anos_iniciais,total,total (school_location lens),2019-2025,0,H2-fundamental_anos_iniciais-failure_rate_percent-S1_CLASS_SIZE,S1_CLASS_SIZE,MAIN_2019_2025,0.0444341791717751,outcome percentage points per 1 student per class,0.0444341791717751,positive,0.0873934980831309,0.1132604237655206,3477,497,unweighted,false,true,main,true,"[0.0033123721779112002,0.1112668683448893]",0.0424595247682986,0.0447177561520246,0.1036464313931835,Nova Santa Rita: failure_rate_percent 8.5% -> 3.8999999999999999% (-4.5999999999999996 pp); the model does not include a local condition trajectory or a network-specific coefficient.,Jointly monitor students_per_class and failure_rate_percent in fundamental_anos_iniciais; the executed model cannot assign the relation to a specific network.,municipality-year-stage match; education/condition at school-location lens; network=total; executed years=2019-2025,"Ecological association, not causality or same-person evidence; Job 3 did not execute network-specific or H2 weighting sensitivities."
failure_rate_percent,teacher_adequacy_percent,fundamental_anos_iniciais,total,total (school_location lens),2019-2025,0,H2-fundamental_anos_iniciais-failure_rate_percent-S2_TEACHER_ADEQUACY,S2_TEACHER_ADEQUACY,MAIN_2019_2025,0.0013057559648106,outcome percentage points per 1 percentage point of teacher adequacy,0.0013057559648106,positive,0.721566417333678,0.7824214163859159,3461,497,unweighted,false,true,main,true,"[0.0013057559648105999,0.0013057559648105999]",not_executed_for_relation,not_executed_for_relation,not_executed_for_relation,Nova Santa Rita: failure_rate_percent 8.5% -> 3.8999999999999999% (-4.5999999999999996 pp); the model does not include a local condition trajectory or a network-specific coefficient.,Jointly monitor teacher_adequacy_percent and failure_rate_percent in fundamental_anos_iniciais; the executed model cannot assign the relation to a specific network.,municipality-year-stage match; education/condition at school-location lens; network=total; executed years=2019-2025,"Ecological association, not causality or same-person evidence; Job 3 did not execute network-specific or H2 weighting sensitivities."
failure_rate_percent,schools_with_broadband_percent,fundamental_anos_iniciais,total,total (school_location lens),2019-2025,0,H2-fundamental_anos_iniciais-failure_rate_percent-S3-WITHOUT-INSE,S3_BROADBAND_INSE,WITHOUT_INSE,0.0001963904365904,outcome percentage points per 1 percentage point of schools with broadband,0.0001963904365904,positive,0.94165579082633,0.9469164377024546,3479,497,unweighted,false,true,sensitivity,false,"[0.00019639043659039999,0.0034500442880699999]",not_executed_for_relation,not_executed_for_relation,not_executed_for_relation,Nova Santa Rita: failure_rate_percent 8.5% -> 3.8999999999999999% (-4.5999999999999996 pp); the model does not include a local condition trajectory or a network-specific coefficient.,Jointly monitor schools_with_broadband_percent and failure_rate_percent in fundamental_anos_iniciais; the executed model cannot assign the relation to a specific network.,municipality-year-stage match; education/condition at school-location lens; network=total; executed years=2019-2025,"Ecological association, not causality or same-person evidence; Job 3 did not execute network-specific or H2 weighting sensitivities."
failure_rate_percent,schools_with_broadband_percent,fundamental_anos_iniciais,total,total (school_location lens),2019-2023,0,H2-fundamental_anos_iniciais-failure_rate_percent-S3_BROADBAND_INSE,S3_BROADBAND_INSE,MAIN_2019_2025,-0.00345004428807,outcome percentage points per 1 percentage point of schools with broadband,0.00345004428807,negative,0.4673622556924813,0.5324380128142193,1485,497,unweighted,true,true,main,true,"[0.00019639043659039999,0.0034500442880699999]",not_executed_for_relation,not_executed_for_relation,not_executed_for_relation,Nova Santa Rita: failure_rate_percent 8.5% -> 3.8999999999999999% (-4.5999999999999996 pp); the model does not include a local condition trajectory or a network-specific coefficient.,Jointly monitor schools_with_broadband_percent and failure_rate_percent in fundamental_anos_iniciais; the executed model cannot assign the relation to a specific network.,municipality-year-stage match; education/condition at school-location lens; network=total; executed years=2019-2023,"Ecological association, not causality or same-person evidence; Job 3 did not execute network-specific or H2 weighting sensitivities."
age_grade_distortion_rate_percent,students_per_class,medio,total,total (school_location lens),2019;2022-2025,0,H2-medio-age_grade_distortion_rate_percent-S1-EXCLUDE_2020_2021,S1_CLASS_SIZE,EXCLUDE_2020_2021,0.230180292625734,outcome percentage points per 1 student per class,0.230180292625734,positive,0.0001512081517557,0.000438991408323,2480,496,unweighted,false,true,sensitivity,true,"[0.099795624047111994,0.39676741129931409]",0.3600636911830818,0.3657450511015649,0.230180292625734,Nova Santa Rita: age_grade_distortion_rate_percent 43.299999999999997% -> 24.800000000000001% (-18.499999999999996 pp); the model does not include a local condition trajectory or a network-specific coefficient.,Jointly monitor students_per_class and age_grade_distortion_rate_percent in medio; the executed model cannot assign the relation to a specific network.,municipality-year-stage match; education/condition at school-location lens; network=total; executed years=2019;2022-2025,"Ecological association, not causality or same-person evidence; Job 3 did not execute network-specific or H2 weighting sensitivities."
age_grade_distortion_rate_percent,students_per_class,medio,total,total (school_location lens),2020-2025,1,H2-medio-age_grade_distortion_rate_percent-S1-LAG1,S1_CLASS_SIZE,LAG_1,0.099795624047112,outcome percentage points per 1 student per class,0.099795624047112,positive,0.0635139929615963,0.0893165526022449,2976,496,unweighted,false,true,sensitivity,true,"[0.099795624047111994,0.39676741129931409]",0.3600636911830818,0.3657450511015649,0.230180292625734,Nova Santa Rita: age_grade_distortion_rate_percent 43.299999999999997% -> 24.800000000000001% (-18.499999999999996 pp); the model does not include a local condition trajectory or a network-specific coefficient.,Jointly monitor students_per_class and age_grade_distortion_rate_percent in medio; the executed model cannot assign the relation to a specific network.,municipality-year-stage match; education/condition at school-location lens; network=total; executed years=2020-2025,"Ecological association, not causality or same-person evidence; Job 3 did not execute network-specific or H2 weighting sensitivities."
age_grade_distortion_rate_percent,students_per_class,medio,total,total (school_location lens),2019-2025,0,H2-medio-age_grade_distortion_rate_percent-S1-LOO-4303905,S1_CLASS_SIZE,LEAVE_OUT_VALE_4303905,0.3613914837107342,outcome percentage points per 1 student per class,0.3613914837107342,positive,4.740802146872662e-11,3.6990964815045513e-10,3465,495,unweighted,false,true,sensitivity,true,"[0.099795624047111994,0.39676741129931409]",0.3600636911830818,0.3657450511015649,0.230180292625734,Nova Santa Rita: age_grade_distortion_rate_percent 43.299999999999997% -> 24.800000000000001% (-18.499999999999996 pp); the model does not include a local condition trajectory or a network-specific coefficient.,Jointly monitor students_per_class and age_grade_distortion_rate_percent in medio; the executed model cannot assign the relation to a specific network.,municipality-year-stage match; education/condition at school-location lens; network=total; executed years=2019-2025,"Ecological association, not causality or same-person evidence; Job 3 did not execute network-specific or H2 weighting sensitivities."
age_grade_distortion_rate_percent,students_per_class,medio,total,total (school_location lens),2019-2025,0,H2-medio-age_grade_distortion_rate_percent-S1-LOO-4306403,S1_CLASS_SIZE,LEAVE_OUT_VALE_4306403,0.3606052335202883,outcome percentage points per 1 student per class,0.3606052335202883,positive,5.303646694938594e-11,3.6990964815045513e-10,3465,495,unweighted,false,true,sensitivity,true,"[0.099795624047111994,0.39676741129931409]",0.3600636911830818,0.3657450511015649,0.230180292625734,Nova Santa Rita: age_grade_distortion_rate_percent 43.299999999999997% -> 24.800000000000001% (-18.499999999999996 pp); the model does not include a local condition trajectory or a network-specific coefficient.,Jointly monitor students_per_class and age_grade_distortion_rate_percent in medio; the executed model cannot assign the relation to a specific network.,municipality-year-stage match; education/condition at school-location lens; network=total; executed years=2019-2025,"Ecological association, not causality or same-person evidence; Job 3 did not execute network-specific or H2 weighting sensitivities."
age_grade_distortion_rate_percent,students_per_class,medio,total,total (school_location lens),2019-2025,0,H2-medio-age_grade_distortion_rate_percent-S1-LOO-4307609,S1_CLASS_SIZE,LEAVE_OUT_VALE_4307609,0.3613532596276693,outcome percentage points per 1 student per class,0.3613532596276693,positive,4.959169068603596e-11,3.6990964815045513e-10,3465,495,unweighted,false,true,sensitivity,true,"[0.099795624047111994,0.39676741129931409]",0.3600636911830818,0.3657450511015649,0.230180292625734,Nova Santa Rita: age_grade_distortion_rate_percent 43.299999999999997% -> 24.800000000000001% (-18.499999999999996 pp); the model does not include a local condition trajectory or a network-specific coefficient.,Jointly monitor students_per_class and age_grade_distortion_rate_percent in medio; the executed model cannot assign the relation to a specific network.,municipality-year-stage match; education/condition at school-location lens; network=total; executed years=2019-2025,"Ecological association, not causality or same-person evidence; Job 3 did not execute network-specific or H2 weighting sensitivities."
age_grade_distortion_rate_percent,students_per_class,medio,total,total (school_location lens),2019-2025,0,H2-medio-age_grade_distortion_rate_percent-S1-LOO-4307708,S1_CLASS_SIZE,LEAVE_OUT_VALE_4307708,0.3611956557894979,outcome percentage points per 1 student per class,0.3611956557894979,positive,4.8808741329296157e-11,3.6990964815045513e-10,3465,495,unweighted,false,true,sensitivity,true,"[0.099795624047111994,0.39676741129931409]",0.3600636911830818,0.3657450511015649,0.230180292625734,Nova Santa Rita: age_grade_distortion_rate_percent 43.299999999999997% -> 24.800000000000001% (-18.499999999999996 pp); the model does not include a local condition trajectory or a network-specific coefficient.,Jointly monitor students_per_class and age_grade_distortion_rate_percent in medio; the executed model cannot assign the relation to a specific network.,municipality-year-stage match; education/condition at school-location lens; network=total; executed years=2019-2025,"Ecological association, not causality or same-person evidence; Job 3 did not execute network-specific or H2 weighting sensitivities."
age_grade_distortion_rate_percent,students_per_class,medio,total,total (school_location lens),2019-2025,0,H2-medio-age_grade_distortion_rate_percent-S1-LOO-4310801,S1_CLASS_SIZE,LEAVE_OUT_VALE_4310801,0.3657450511015649,outcome percentage points per 1 student per class,0.3657450511015649,positive,2.8102735145296747e-11,2.975583721266714e-10,3465,495,unweighted,false,true,sensitivity,true,"[0.099795624047111994,0.39676741129931409]",0.3600636911830818,0.3657450511015649,0.230180292625734,Nova Santa Rita: age_grade_distortion_rate_percent 43.299999999999997% -> 24.800000000000001% (-18.499999999999996 pp); the model does not include a local condition trajectory or a network-specific coefficient.,Jointly monitor students_per_class and age_grade_distortion_rate_percent in medio; the executed model cannot assign the relation to a specific network.,municipality-year-stage match; education/condition at school-location lens; network=total; executed years=2019-2025,"Ecological association, not causality or same-person evidence; Job 3 did not execute network-specific or H2 weighting sensitivities."
age_grade_distortion_rate_percent,students_per_class,medio,total,total (school_location lens),2019-2025,0,H2-medio-age_grade_distortion_rate_percent-S1-LOO-4313375,S1_CLASS_SIZE,LEAVE_OUT_VALE_4313375,0.3601428588231868,outcome percentage points per 1 student per class,0.3601428588231868,positive,5.548644722256827e-11,3.6990964815045513e-10,3465,495,unweighted,false,true,sensitivity,true,"[0.099795624047111994,0.39676741129931409]",0.3600636911830818,0.3657450511015649,0.230180292625734,Nova Santa Rita: age_grade_distortion_rate_percent 43.299999999999997% -> 24.800000000000001% (-18.499999999999996 pp); the model does not include a local condition trajectory or a network-specific coefficient.,Jointly monitor students_per_class and age_grade_distortion_rate_percent in medio; the executed model cannot assign the relation to a specific network.,municipality-year-stage match; education/condition at school-location lens; network=total; executed years=2019-2025,"Ecological association, not causality or same-person evidence; Job 3 did not execute network-specific or H2 weighting sensitivities."
age_grade_distortion_rate_percent,students_per_class,medio,total,total (school_location lens),2019-2025,0,H2-medio-age_grade_distortion_rate_percent-S1-LOO-4313409,S1_CLASS_SIZE,LEAVE_OUT_VALE_4313409,0.3615779543595173,outcome percentage points per 1 student per class,0.3615779543595173,positive,4.668081457221339e-11,3.6990964815045513e-10,3465,495,unweighted,false,true,sensitivity,true,"[0.099795624047111994,0.39676741129931409]",0.3600636911830818,0.3657450511015649,0.230180292625734,Nova Santa Rita: age_grade_distortion_rate_percent 43.299999999999997% -> 24.800000000000001% (-18.499999999999996 pp); the model does not include a local condition trajectory or a network-specific coefficient.,Jointly monitor students_per_class and age_grade_distortion_rate_percent in medio; the executed model cannot assign the relation to a specific network.,municipality-year-stage match; education/condition at school-location lens; network=total; executed years=2019-2025,"Ecological association, not causality or same-person evidence; Job 3 did not execute network-specific or H2 weighting sensitivities."
age_grade_distortion_rate_percent,students_per_class,medio,total,total (school_location lens),2019-2025,0,H2-medio-age_grade_distortion_rate_percent-S1-LOO-4314803,S1_CLASS_SIZE,LEAVE_OUT_VALE_4314803,0.3612581560320875,outcome percentage points per 1 student per class,0.3612581560320875,positive,4.867227036178612e-11,3.6990964815045513e-10,3465,495,unweighted,false,true,sensitivity,true,"[0.099795624047111994,0.39676741129931409]",0.3600636911830818,0.3657450511015649,0.230180292625734,Nova Santa Rita: age_grade_distortion_rate_percent 43.299999999999997% -> 24.800000000000001% (-18.499999999999996 pp); the model does not include a local condition trajectory or a network-specific coefficient.,Jointly monitor students_per_class and age_grade_distortion_rate_percent in medio; the executed model cannot assign the relation to a specific network.,municipality-year-stage match; education/condition at school-location lens; network=total; executed years=2019-2025,"Ecological association, not causality or same-person evidence; Job 3 did not execute network-specific or H2 weighting sensitivities."
age_grade_distortion_rate_percent,students_per_class,medio,total,total (school_location lens),2019-2025,0,H2-medio-age_grade_distortion_rate_percent-S1-LOO-4318705,S1_CLASS_SIZE,LEAVE_OUT_VALE_4318705,0.361041876600177,outcome percentage points per 1 student per class,0.361041876600177,positive,5.050183018331815e-11,3.6990964815045513e-10,3465,495,unweighted,false,true,sensitivity,true,"[0.099795624047111994,0.39676741129931409]",0.3600636911830818,0.3657450511015649,0.230180292625734,Nova Santa Rita: age_grade_distortion_rate_percent 43.299999999999997% -> 24.800000000000001% (-18.499999999999996 pp); the model does not include a local condition trajectory or a network-specific coefficient.,Jointly monitor students_per_class and age_grade_distortion_rate_percent in medio; the executed model cannot assign the relation to a specific network.,municipality-year-stage match; education/condition at school-location lens; network=total; executed years=2019-2025,"Ecological association, not causality or same-person evidence; Job 3 did not execute network-specific or H2 weighting sensitivities."
age_grade_distortion_rate_percent,students_per_class,medio,total,total (school_location lens),2019-2025,0,H2-medio-age_grade_distortion_rate_percent-S1-LOO-4320008,S1_CLASS_SIZE,LEAVE_OUT_VALE_4320008,0.3600636911830818,outcome percentage points per 1 student per class,0.3600636911830818,positive,5.544896489424902e-11,3.6990964815045513e-10,3465,495,unweighted,false,true,sensitivity,true,"[0.099795624047111994,0.39676741129931409]",0.3600636911830818,0.3657450511015649,0.230180292625734,Nova Santa Rita: age_grade_distortion_rate_percent 43.299999999999997% -> 24.800000000000001% (-18.499999999999996 pp); the model does not include a local condition trajectory or a network-specific coefficient.,Jointly monitor students_per_class and age_grade_distortion_rate_percent in medio; the executed model cannot assign the relation to a specific network.,municipality-year-stage match; education/condition at school-location lens; network=total; executed years=2019-2025,"Ecological association, not causality or same-person evidence; Job 3 did not execute network-specific or H2 weighting sensitivities."
age_grade_distortion_rate_percent,students_per_class,medio,total,total (school_location lens),2019-2025,0,H2-medio-age_grade_distortion_rate_percent-S1-NO_FE,S1_CLASS_SIZE,NO_FE_DIAGNOSTIC,0.3967674112993141,outcome percentage points per 1 student per class,0.3967674112993141,positive,2.3869498312849724e-06,9.340238470245545e-06,3472,496,unweighted,false,false,sensitivity,true,"[0.099795624047111994,0.39676741129931409]",0.3600636911830818,0.3657450511015649,0.230180292625734,Nova Santa Rita: age_grade_distortion_rate_percent 43.299999999999997% -> 24.800000000000001% (-18.499999999999996 pp); the model does not include a local condition trajectory or a network-specific coefficient.,Jointly monitor students_per_class and age_grade_distortion_rate_percent in medio; the executed model cannot assign the relation to a specific network.,municipality-year-stage match; education/condition at school-location lens; network=total; executed years=2019-2025,"Ecological association, not causality or same-person evidence; Job 3 did not execute network-specific or H2 weighting sensitivities."
age_grade_distortion_rate_percent,students_per_class,medio,total,total (school_location lens),2022-2025,0,H2-medio-age_grade_distortion_rate_percent-S1-WINDOW_2022_2025,S1_CLASS_SIZE,WINDOW_2022_2025,0.2239082127276852,outcome percentage points per 1 student per class,0.2239082127276852,positive,0.0017923184966124,0.0039829299924721,1984,496,unweighted,false,true,sensitivity,true,"[0.099795624047111994,0.39676741129931409]",0.3600636911830818,0.3657450511015649,0.230180292625734,Nova Santa Rita: age_grade_distortion_rate_percent 43.299999999999997% -> 24.800000000000001% (-18.499999999999996 pp); the model does not include a local condition trajectory or a network-specific coefficient.,Jointly monitor students_per_class and age_grade_distortion_rate_percent in medio; the executed model cannot assign the relation to a specific network.,municipality-year-stage match; education/condition at school-location lens; network=total; executed years=2022-2025,"Ecological association, not causality or same-person evidence; Job 3 did not execute network-specific or H2 weighting sensitivities."
age_grade_distortion_rate_percent,students_per_class,medio,total,total (school_location lens),2019-2025,0,H2-medio-age_grade_distortion_rate_percent-S1_CLASS_SIZE,S1_CLASS_SIZE,MAIN_2019_2025,0.3615626395248015,outcome percentage points per 1 student per class,0.3615626395248015,positive,4.641777042026772e-11,3.6990964815045513e-10,3472,496,unweighted,false,true,main,true,"[0.099795624047111994,0.39676741129931409]",0.3600636911830818,0.3657450511015649,0.230180292625734,Nova Santa Rita: age_grade_distortion_rate_percent 43.299999999999997% -> 24.800000000000001% (-18.499999999999996 pp); the model does not include a local condition trajectory or a network-specific coefficient.,Jointly monitor students_per_class and age_grade_distortion_rate_percent in medio; the executed model cannot assign the relation to a specific network.,municipality-year-stage match; education/condition at school-location lens; network=total; executed years=2019-2025,"Ecological association, not causality or same-person evidence; Job 3 did not execute network-specific or H2 weighting sensitivities."
age_grade_distortion_rate_percent,teacher_adequacy_percent,medio,total,total (school_location lens),2019-2025,0,H2-medio-age_grade_distortion_rate_percent-S2_TEACHER_ADEQUACY,S2_TEACHER_ADEQUACY,MAIN_2019_2025,-0.0318965812064386,outcome percentage points per 1 percentage point of teacher adequacy,0.0318965812064386,negative,0.0524294015454663,0.0806884214428999,3472,496,unweighted,false,true,main,true,"[0.031896581206438603,0.031896581206438603]",not_executed_for_relation,not_executed_for_relation,not_executed_for_relation,Nova Santa Rita: age_grade_distortion_rate_percent 43.299999999999997% -> 24.800000000000001% (-18.499999999999996 pp); the model does not include a local condition trajectory or a network-specific coefficient.,Jointly monitor teacher_adequacy_percent and age_grade_distortion_rate_percent in medio; the executed model cannot assign the relation to a specific network.,municipality-year-stage match; education/condition at school-location lens; network=total; executed years=2019-2025,"Ecological association, not causality or same-person evidence; Job 3 did not execute network-specific or H2 weighting sensitivities."
age_grade_distortion_rate_percent,schools_with_broadband_percent,medio,total,total (school_location lens),2019-2025,0,H2-medio-age_grade_distortion_rate_percent-S3-WITHOUT-INSE,S3_BROADBAND_INSE,WITHOUT_INSE,0.0017699675132078,outcome percentage points per 1 percentage point of schools with broadband,0.0017699675132078,positive,0.8530957445988837,0.8858563174301624,3472,496,unweighted,false,true,sensitivity,true,"[0.0017699675132077999,0.0063923904556396002]",not_executed_for_relation,not_executed_for_relation,not_executed_for_relation,Nova Santa Rita: age_grade_distortion_rate_percent 43.299999999999997% -> 24.800000000000001% (-18.499999999999996 pp); the model does not include a local condition trajectory or a network-specific coefficient.,Jointly monitor schools_with_broadband_percent and age_grade_distortion_rate_percent in medio; the executed model cannot assign the relation to a specific network.,municipality-year-stage match; education/condition at school-location lens; network=total; executed years=2019-2025,"Ecological association, not causality or same-person evidence; Job 3 did not execute network-specific or H2 weighting sensitivities."
age_grade_distortion_rate_percent,schools_with_broadband_percent,medio,total,total (school_location lens),2019-2023,0,H2-medio-age_grade_distortion_rate_percent-S3_BROADBAND_INSE,S3_BROADBAND_INSE,MAIN_2019_2025,0.0063923904556396,outcome percentage points per 1 percentage point of schools with broadband,0.0063923904556396,positive,0.645924132571067,0.7151295810083232,1482,496,unweighted,true,true,main,true,"[0.0017699675132077999,0.0063923904556396002]",not_executed_for_relation,not_executed_for_relation,not_executed_for_relation,Nova Santa Rita: age_grade_distortion_rate_percent 43.299999999999997% -> 24.800000000000001% (-18.499999999999996 pp); the model does not include a local condition trajectory or a network-specific coefficient.,Jointly monitor schools_with_broadband_percent and age_grade_distortion_rate_percent in medio; the executed model cannot assign the relation to a specific network.,municipality-year-stage match; education/condition at school-location lens; network=total; executed years=2019-2023,"Ecological association, not causality or same-person evidence; Job 3 did not execute network-specific or H2 weighting sensitivities."
dropout_rate_percent,students_per_class,medio,total,total (school_location lens),2019;2022-2025,0,H2-medio-dropout_rate_percent-S1-EXCLUDE_2020_2021,S1_CLASS_SIZE,EXCLUDE_2020_2021,0.2556394850479324,outcome percentage points per 1 student per class,0.2556394850479324,positive,9.93956256779309e-10,6.389718793581274e-09,2480,496,unweighted,false,true,sensitivity,true,"[0.1093750221222128,0.31712259971128448]",0.3148967899327153,0.3171225997112845,0.2556394850479324,Nova Santa Rita: dropout_rate_percent 4.7000000000000002% -> 3.2000000000000002% (-1.5 pp); the model does not include a local condition trajectory or a network-specific coefficient.,Jointly monitor students_per_class and dropout_rate_percent in medio; the executed model cannot assign the relation to a specific network.,municipality-year-stage match; education/condition at school-location lens; network=total; executed years=2019;2022-2025,"Ecological association, not causality or same-person evidence; Job 3 did not execute network-specific or H2 weighting sensitivities."
dropout_rate_percent,students_per_class,medio,total,total (school_location lens),2020-2025,1,H2-medio-dropout_rate_percent-S1-LAG1,S1_CLASS_SIZE,LAG_1,0.1093750221222128,outcome percentage points per 1 student per class,0.1093750221222128,positive,0.0084979062745134,0.0179955662283814,2976,496,unweighted,false,true,sensitivity,true,"[0.1093750221222128,0.31712259971128448]",0.3148967899327153,0.3171225997112845,0.2556394850479324,Nova Santa Rita: dropout_rate_percent 4.7000000000000002% -> 3.2000000000000002% (-1.5 pp); the model does not include a local condition trajectory or a network-specific coefficient.,Jointly monitor students_per_class and dropout_rate_percent in medio; the executed model cannot assign the relation to a specific network.,municipality-year-stage match; education/condition at school-location lens; network=total; executed years=2020-2025,"Ecological association, not causality or same-person evidence; Job 3 did not execute network-specific or H2 weighting sensitivities."
dropout_rate_percent,students_per_class,medio,total,total (school_location lens),2019-2025,0,H2-medio-dropout_rate_percent-S1-LOO-4303905,S1_CLASS_SIZE,LEAVE_OUT_VALE_4303905,0.3161679825997303,outcome percentage points per 1 student per class,0.3161679825997303,positive,7.294742160022068e-16,1.200553500912588e-14,3465,495,unweighted,false,true,sensitivity,true,"[0.1093750221222128,0.31712259971128448]",0.3148967899327153,0.3171225997112845,0.2556394850479324,Nova Santa Rita: dropout_rate_percent 4.7000000000000002% -> 3.2000000000000002% (-1.5 pp); the model does not include a local condition trajectory or a network-specific coefficient.,Jointly monitor students_per_class and dropout_rate_percent in medio; the executed model cannot assign the relation to a specific network.,municipality-year-stage match; education/condition at school-location lens; network=total; executed years=2019-2025,"Ecological association, not causality or same-person evidence; Job 3 did not execute network-specific or H2 weighting sensitivities."
dropout_rate_percent,students_per_class,medio,total,total (school_location lens),2019-2025,0,H2-medio-dropout_rate_percent-S1-LOO-4306403,S1_CLASS_SIZE,LEAVE_OUT_VALE_4306403,0.3158167390503487,outcome percentage points per 1 student per class,0.3158167390503487,positive,8.003690006083919e-16,1.200553500912588e-14,3465,495,unweighted,false,true,sensitivity,true,"[0.1093750221222128,0.31712259971128448]",0.3148967899327153,0.3171225997112845,0.2556394850479324,Nova Santa Rita: dropout_rate_percent 4.7000000000000002% -> 3.2000000000000002% (-1.5 pp); the model does not include a local condition trajectory or a network-specific coefficient.,Jointly monitor students_per_class and dropout_rate_percent in medio; the executed model cannot assign the relation to a specific network.,municipality-year-stage match; education/condition at school-location lens; network=total; executed years=2019-2025,"Ecological association, not causality or same-person evidence; Job 3 did not execute network-specific or H2 weighting sensitivities."
dropout_rate_percent,students_per_class,medio,total,total (school_location lens),2019-2025,0,H2-medio-dropout_rate_percent-S1-LOO-4307609,S1_CLASS_SIZE,LEAVE_OUT_VALE_4307609,0.3171225997112845,outcome percentage points per 1 student per class,0.3171225997112845,positive,6.295880638933352e-16,1.200553500912588e-14,3465,495,unweighted,false,true,sensitivity,true,"[0.1093750221222128,0.31712259971128448]",0.3148967899327153,0.3171225997112845,0.2556394850479324,Nova Santa Rita: dropout_rate_percent 4.7000000000000002% -> 3.2000000000000002% (-1.5 pp); the model does not include a local condition trajectory or a network-specific coefficient.,Jointly monitor students_per_class and dropout_rate_percent in medio; the executed model cannot assign the relation to a specific network.,municipality-year-stage match; education/condition at school-location lens; network=total; executed years=2019-2025,"Ecological association, not causality or same-person evidence; Job 3 did not execute network-specific or H2 weighting sensitivities."
dropout_rate_percent,students_per_class,medio,total,total (school_location lens),2019-2025,0,H2-medio-dropout_rate_percent-S1-LOO-4307708,S1_CLASS_SIZE,LEAVE_OUT_VALE_4307708,0.3159684014824961,outcome percentage points per 1 student per class,0.3159684014824961,positive,7.606924824153733e-16,1.200553500912588e-14,3465,495,unweighted,false,true,sensitivity,true,"[0.1093750221222128,0.31712259971128448]",0.3148967899327153,0.3171225997112845,0.2556394850479324,Nova Santa Rita: dropout_rate_percent 4.7000000000000002% -> 3.2000000000000002% (-1.5 pp); the model does not include a local condition trajectory or a network-specific coefficient.,Jointly monitor students_per_class and dropout_rate_percent in medio; the executed model cannot assign the relation to a specific network.,municipality-year-stage match; education/condition at school-location lens; network=total; executed years=2019-2025,"Ecological association, not causality or same-person evidence; Job 3 did not execute network-specific or H2 weighting sensitivities."
dropout_rate_percent,students_per_class,medio,total,total (school_location lens),2019-2025,0,H2-medio-dropout_rate_percent-S1-LOO-4310801,S1_CLASS_SIZE,LEAVE_OUT_VALE_4310801,0.3167078098505654,outcome percentage points per 1 student per class,0.3167078098505654,positive,7.431039747911578e-16,1.200553500912588e-14,3465,495,unweighted,false,true,sensitivity,true,"[0.1093750221222128,0.31712259971128448]",0.3148967899327153,0.3171225997112845,0.2556394850479324,Nova Santa Rita: dropout_rate_percent 4.7000000000000002% -> 3.2000000000000002% (-1.5 pp); the model does not include a local condition trajectory or a network-specific coefficient.,Jointly monitor students_per_class and dropout_rate_percent in medio; the executed model cannot assign the relation to a specific network.,municipality-year-stage match; education/condition at school-location lens; network=total; executed years=2019-2025,"Ecological association, not causality or same-person evidence; Job 3 did not execute network-specific or H2 weighting sensitivities."
dropout_rate_percent,students_per_class,medio,total,total (school_location lens),2019-2025,0,H2-medio-dropout_rate_percent-S1-LOO-4313375,S1_CLASS_SIZE,LEAVE_OUT_VALE_4313375,0.3148967899327153,outcome percentage points per 1 student per class,0.3148967899327153,positive,9.614307327292617e-16,1.3312117837789778e-14,3465,495,unweighted,false,true,sensitivity,true,"[0.1093750221222128,0.31712259971128448]",0.3148967899327153,0.3171225997112845,0.2556394850479324,Nova Santa Rita: dropout_rate_percent 4.7000000000000002% -> 3.2000000000000002% (-1.5 pp); the model does not include a local condition trajectory or a network-specific coefficient.,Jointly monitor students_per_class and dropout_rate_percent in medio; the executed model cannot assign the relation to a specific network.,municipality-year-stage match; education/condition at school-location lens; network=total; executed years=2019-2025,"Ecological association, not causality or same-person evidence; Job 3 did not execute network-specific or H2 weighting sensitivities."
dropout_rate_percent,students_per_class,medio,total,total (school_location lens),2019-2025,0,H2-medio-dropout_rate_percent-S1-LOO-4313409,S1_CLASS_SIZE,LEAVE_OUT_VALE_4313409,0.3161298778808794,outcome percentage points per 1 student per class,0.3161298778808794,positive,7.357698701091623e-16,1.200553500912588e-14,3465,495,unweighted,false,true,sensitivity,true,"[0.1093750221222128,0.31712259971128448]",0.3148967899327153,0.3171225997112845,0.2556394850479324,Nova Santa Rita: dropout_rate_percent 4.7000000000000002% -> 3.2000000000000002% (-1.5 pp); the model does not include a local condition trajectory or a network-specific coefficient.,Jointly monitor students_per_class and dropout_rate_percent in medio; the executed model cannot assign the relation to a specific network.,municipality-year-stage match; education/condition at school-location lens; network=total; executed years=2019-2025,"Ecological association, not causality or same-person evidence; Job 3 did not execute network-specific or H2 weighting sensitivities."
dropout_rate_percent,students_per_class,medio,total,total (school_location lens),2019-2025,0,H2-medio-dropout_rate_percent-S1-LOO-4314803,S1_CLASS_SIZE,LEAVE_OUT_VALE_4314803,0.3161840993139592,outcome percentage points per 1 student per class,0.3161840993139592,positive,7.351242158944692e-16,1.200553500912588e-14,3465,495,unweighted,false,true,sensitivity,true,"[0.1093750221222128,0.31712259971128448]",0.3148967899327153,0.3171225997112845,0.2556394850479324,Nova Santa Rita: dropout_rate_percent 4.7000000000000002% -> 3.2000000000000002% (-1.5 pp); the model does not include a local condition trajectory or a network-specific coefficient.,Jointly monitor students_per_class and dropout_rate_percent in medio; the executed model cannot assign the relation to a specific network.,municipality-year-stage match; education/condition at school-location lens; network=total; executed years=2019-2025,"Ecological association, not causality or same-person evidence; Job 3 did not execute network-specific or H2 weighting sensitivities."
dropout_rate_percent,students_per_class,medio,total,total (school_location lens),2019-2025,0,H2-medio-dropout_rate_percent-S1-LOO-4318705,S1_CLASS_SIZE,LEAVE_OUT_VALE_4318705,0.3163858700818102,outcome percentage points per 1 student per class,0.3163858700818102,positive,7.394982392717917e-16,1.200553500912588e-14,3465,495,unweighted,false,true,sensitivity,true,"[0.1093750221222128,0.31712259971128448]",0.3148967899327153,0.3171225997112845,0.2556394850479324,Nova Santa Rita: dropout_rate_percent 4.7000000000000002% -> 3.2000000000000002% (-1.5 pp); the model does not include a local condition trajectory or a network-specific coefficient.,Jointly monitor students_per_class and dropout_rate_percent in medio; the executed model cannot assign the relation to a specific network.,municipality-year-stage match; education/condition at school-location lens; network=total; executed years=2019-2025,"Ecological association, not causality or same-person evidence; Job 3 did not execute network-specific or H2 weighting sensitivities."
dropout_rate_percent,students_per_class,medio,total,total (school_location lens),2019-2025,0,H2-medio-dropout_rate_percent-S1-LOO-4320008,S1_CLASS_SIZE,LEAVE_OUT_VALE_4320008,0.3161447202705841,outcome percentage points per 1 student per class,0.3161447202705841,positive,7.74235711432328e-16,1.200553500912588e-14,3465,495,unweighted,false,true,sensitivity,true,"[0.1093750221222128,0.31712259971128448]",0.3148967899327153,0.3171225997112845,0.2556394850479324,Nova Santa Rita: dropout_rate_percent 4.7000000000000002% -> 3.2000000000000002% (-1.5 pp); the model does not include a local condition trajectory or a network-specific coefficient.,Jointly monitor students_per_class and dropout_rate_percent in medio; the executed model cannot assign the relation to a specific network.,municipality-year-stage match; education/condition at school-location lens; network=total; executed years=2019-2025,"Ecological association, not causality or same-person evidence; Job 3 did not execute network-specific or H2 weighting sensitivities."
dropout_rate_percent,students_per_class,medio,total,total (school_location lens),2019-2025,0,H2-medio-dropout_rate_percent-S1-NO_FE,S1_CLASS_SIZE,NO_FE_DIAGNOSTIC,0.2385603558651063,outcome percentage points per 1 student per class,0.2385603558651063,positive,3.081123692227483e-15,3.9614447471496214e-14,3472,496,unweighted,false,false,sensitivity,true,"[0.1093750221222128,0.31712259971128448]",0.3148967899327153,0.3171225997112845,0.2556394850479324,Nova Santa Rita: dropout_rate_percent 4.7000000000000002% -> 3.2000000000000002% (-1.5 pp); the model does not include a local condition trajectory or a network-specific coefficient.,Jointly monitor students_per_class and dropout_rate_percent in medio; the executed model cannot assign the relation to a specific network.,municipality-year-stage match; education/condition at school-location lens; network=total; executed years=2019-2025,"Ecological association, not causality or same-person evidence; Job 3 did not execute network-specific or H2 weighting sensitivities."
dropout_rate_percent,students_per_class,medio,total,total (school_location lens),2022-2025,0,H2-medio-dropout_rate_percent-S1-WINDOW_2022_2025,S1_CLASS_SIZE,WINDOW_2022_2025,0.2801035405438372,outcome percentage points per 1 student per class,0.2801035405438372,positive,5.067642408442911e-07,2.8505488547491376e-06,1984,496,unweighted,false,true,sensitivity,true,"[0.1093750221222128,0.31712259971128448]",0.3148967899327153,0.3171225997112845,0.2556394850479324,Nova Santa Rita: dropout_rate_percent 4.7000000000000002% -> 3.2000000000000002% (-1.5 pp); the model does not include a local condition trajectory or a network-specific coefficient.,Jointly monitor students_per_class and dropout_rate_percent in medio; the executed model cannot assign the relation to a specific network.,municipality-year-stage match; education/condition at school-location lens; network=total; executed years=2022-2025,"Ecological association, not causality or same-person evidence; Job 3 did not execute network-specific or H2 weighting sensitivities."
dropout_rate_percent,students_per_class,medio,total,total (school_location lens),2019-2025,0,H2-medio-dropout_rate_percent-S1_CLASS_SIZE,S1_CLASS_SIZE,MAIN_2019_2025,0.3161519846625904,outcome percentage points per 1 student per class,0.3161519846625904,positive,7.278951627624336e-16,1.200553500912588e-14,3472,496,unweighted,false,true,main,true,"[0.1093750221222128,0.31712259971128448]",0.3148967899327153,0.3171225997112845,0.2556394850479324,Nova Santa Rita: dropout_rate_percent 4.7000000000000002% -> 3.2000000000000002% (-1.5 pp); the model does not include a local condition trajectory or a network-specific coefficient.,Jointly monitor students_per_class and dropout_rate_percent in medio; the executed model cannot assign the relation to a specific network.,municipality-year-stage match; education/condition at school-location lens; network=total; executed years=2019-2025,"Ecological association, not causality or same-person evidence; Job 3 did not execute network-specific or H2 weighting sensitivities."
dropout_rate_percent,teacher_adequacy_percent,medio,total,total (school_location lens),2019-2025,0,H2-medio-dropout_rate_percent-S2_TEACHER_ADEQUACY,S2_TEACHER_ADEQUACY,MAIN_2019_2025,0.0022644640339635,outcome percentage points per 1 percentage point of teacher adequacy,0.0022644640339635,positive,0.8563277735158236,0.8858563174301624,3472,496,unweighted,false,true,main,true,"[0.0022644640339634999,0.0022644640339634999]",not_executed_for_relation,not_executed_for_relation,not_executed_for_relation,Nova Santa Rita: dropout_rate_percent 4.7000000000000002% -> 3.2000000000000002% (-1.5 pp); the model does not include a local condition trajectory or a network-specific coefficient.,Jointly monitor teacher_adequacy_percent and dropout_rate_percent in medio; the executed model cannot assign the relation to a specific network.,municipality-year-stage match; education/condition at school-location lens; network=total; executed years=2019-2025,"Ecological association, not causality or same-person evidence; Job 3 did not execute network-specific or H2 weighting sensitivities."
dropout_rate_percent,schools_with_broadband_percent,medio,total,total (school_location lens),2019-2025,0,H2-medio-dropout_rate_percent-S3-WITHOUT-INSE,S3_BROADBAND_INSE,WITHOUT_INSE,-0.0074862342782875,outcome percentage points per 1 percentage point of schools with broadband,0.0074862342782875,negative,0.2024052164072597,0.2396903878507023,3472,496,unweighted,false,true,sensitivity,true,"[0.0074862342782875003,0.0083444001899009995]",not_executed_for_relation,not_executed_for_relation,not_executed_for_relation,Nova Santa Rita: dropout_rate_percent 4.7000000000000002% -> 3.2000000000000002% (-1.5 pp); the model does not include a local condition trajectory or a network-specific coefficient.,Jointly monitor schools_with_broadband_percent and dropout_rate_percent in medio; the executed model cannot assign the relation to a specific network.,municipality-year-stage match; education/condition at school-location lens; network=total; executed years=2019-2025,"Ecological association, not causality or same-person evidence; Job 3 did not execute network-specific or H2 weighting sensitivities."
dropout_rate_percent,schools_with_broadband_percent,medio,total,total (school_location lens),2019-2023,0,H2-medio-dropout_rate_percent-S3_BROADBAND_INSE,S3_BROADBAND_INSE,MAIN_2019_2025,-0.008344400189901,outcome percentage points per 1 percentage point of schools with broadband,0.008344400189901,negative,0.3951373444187315,0.4559277050985363,1482,496,unweighted,true,true,main,true,"[0.0074862342782875003,0.0083444001899009995]",not_executed_for_relation,not_executed_for_relation,not_executed_for_relation,Nova Santa Rita: dropout_rate_percent 4.7000000000000002% -> 3.2000000000000002% (-1.5 pp); the model does not include a local condition trajectory or a network-specific coefficient.,Jointly monitor schools_with_broadband_percent and dropout_rate_percent in medio; the executed model cannot assign the relation to a specific network.,municipality-year-stage match; education/condition at school-location lens; network=total; executed years=2019-2023,"Ecological association, not causality or same-person evidence; Job 3 did not execute network-specific or H2 weighting sensitivities."
failure_rate_percent,students_per_class,medio,total,total (school_location lens),2019;2022-2025,0,H2-medio-failure_rate_percent-S1-EXCLUDE_2020_2021,S1_CLASS_SIZE,EXCLUDE_2020_2021,0.2989231692568135,outcome percentage points per 1 student per class,0.2989231692568135,positive,1.2727249509826952e-06,6.737955622849563e-06,2480,496,unweighted,false,true,sensitivity,true,"[0.0069407131070385996,0.2989231692568135]",0.1776050793001473,0.179486163253729,0.2989231692568135,No Nova Santa Rita fact at the identical stage/outcome grain in Job 3.,Jointly monitor students_per_class and failure_rate_percent in medio; the executed model cannot assign the relation to a specific network.,municipality-year-stage match; education/condition at school-location lens; network=total; executed years=2019;2022-2025,"Ecological association, not causality or same-person evidence; Job 3 did not execute network-specific or H2 weighting sensitivities."
failure_rate_percent,students_per_class,medio,total,total (school_location lens),2020-2025,1,H2-medio-failure_rate_percent-S1-LAG1,S1_CLASS_SIZE,LAG_1,0.0069407131070386,outcome percentage points per 1 student per class,0.0069407131070386,positive,0.863367512988175,0.8880351562164086,2976,496,unweighted,false,true,sensitivity,true,"[0.0069407131070385996,0.2989231692568135]",0.1776050793001473,0.179486163253729,0.2989231692568135,No Nova Santa Rita fact at the identical stage/outcome grain in Job 3.,Jointly monitor students_per_class and failure_rate_percent in medio; the executed model cannot assign the relation to a specific network.,municipality-year-stage match; education/condition at school-location lens; network=total; executed years=2020-2025,"Ecological association, not causality or same-person evidence; Job 3 did not execute network-specific or H2 weighting sensitivities."
failure_rate_percent,students_per_class,medio,total,total (school_location lens),2019-2025,0,H2-medio-failure_rate_percent-S1-LOO-4303905,S1_CLASS_SIZE,LEAVE_OUT_VALE_4303905,0.1782015325982275,outcome percentage points per 1 student per class,0.1782015325982275,positive,2.3965480960178187e-05,7.641510063858901e-05,3465,495,unweighted,false,true,sensitivity,true,"[0.0069407131070385996,0.2989231692568135]",0.1776050793001473,0.179486163253729,0.2989231692568135,No Nova Santa Rita fact at the identical stage/outcome grain in Job 3.,Jointly monitor students_per_class and failure_rate_percent in medio; the executed model cannot assign the relation to a specific network.,municipality-year-stage match; education/condition at school-location lens; network=total; executed years=2019-2025,"Ecological association, not causality or same-person evidence; Job 3 did not execute network-specific or H2 weighting sensitivities."
failure_rate_percent,students_per_class,medio,total,total (school_location lens),2019-2025,0,H2-medio-failure_rate_percent-S1-LOO-4306403,S1_CLASS_SIZE,LEAVE_OUT_VALE_4306403,0.1776050793001473,outcome percentage points per 1 student per class,0.1776050793001473,positive,2.5800592120725888e-05,7.871367087679084e-05,3465,495,unweighted,false,true,sensitivity,true,"[0.0069407131070385996,0.2989231692568135]",0.1776050793001473,0.179486163253729,0.2989231692568135,No Nova Santa Rita fact at the identical stage/outcome grain in Job 3.,Jointly monitor students_per_class and failure_rate_percent in medio; the executed model cannot assign the relation to a specific network.,municipality-year-stage match; education/condition at school-location lens; network=total; executed years=2019-2025,"Ecological association, not causality or same-person evidence; Job 3 did not execute network-specific or H2 weighting sensitivities."
failure_rate_percent,students_per_class,medio,total,total (school_location lens),2019-2025,0,H2-medio-failure_rate_percent-S1-LOO-4307609,S1_CLASS_SIZE,LEAVE_OUT_VALE_4307609,0.1780538064319919,outcome percentage points per 1 student per class,0.1780538064319919,positive,2.473905333830959e-05,7.677637242923666e-05,3465,495,unweighted,false,true,sensitivity,true,"[0.0069407131070385996,0.2989231692568135]",0.1776050793001473,0.179486163253729,0.2989231692568135,No Nova Santa Rita fact at the identical stage/outcome grain in Job 3.,Jointly monitor students_per_class and failure_rate_percent in medio; the executed model cannot assign the relation to a specific network.,municipality-year-stage match; education/condition at school-location lens; network=total; executed years=2019-2025,"Ecological association, not causality or same-person evidence; Job 3 did not execute network-specific or H2 weighting sensitivities."
failure_rate_percent,students_per_class,medio,total,total (school_location lens),2019-2025,0,H2-medio-failure_rate_percent-S1-LOO-4307708,S1_CLASS_SIZE,LEAVE_OUT_VALE_4307708,0.1784224684010946,outcome percentage points per 1 student per class,0.1784224684010946,positive,2.3463892239608916e-05,7.641510063858901e-05,3465,495,unweighted,false,true,sensitivity,true,"[0.0069407131070385996,0.2989231692568135]",0.1776050793001473,0.179486163253729,0.2989231692568135,No Nova Santa Rita fact at the identical stage/outcome grain in Job 3.,Jointly monitor students_per_class and failure_rate_percent in medio; the executed model cannot assign the relation to a specific network.,municipality-year-stage match; education/condition at school-location lens; network=total; executed years=2019-2025,"Ecological association, not causality or same-person evidence; Job 3 did not execute network-specific or H2 weighting sensitivities."
failure_rate_percent,students_per_class,medio,total,total (school_location lens),2019-2025,0,H2-medio-failure_rate_percent-S1-LOO-4310801,S1_CLASS_SIZE,LEAVE_OUT_VALE_4310801,0.1784067921175905,outcome percentage points per 1 student per class,0.1784067921175905,positive,2.419811520221985e-05,7.641510063858901e-05,3465,495,unweighted,false,true,sensitivity,true,"[0.0069407131070385996,0.2989231692568135]",0.1776050793001473,0.179486163253729,0.2989231692568135,No Nova Santa Rita fact at the identical stage/outcome grain in Job 3.,Jointly monitor students_per_class and failure_rate_percent in medio; the executed model cannot assign the relation to a specific network.,municipality-year-stage match; education/condition at school-location lens; network=total; executed years=2019-2025,"Ecological association, not causality or same-person evidence; Job 3 did not execute network-specific or H2 weighting sensitivities."
failure_rate_percent,students_per_class,medio,total,total (school_location lens),2019-2025,0,H2-medio-failure_rate_percent-S1-LOO-4313375,S1_CLASS_SIZE,LEAVE_OUT_VALE_4313375,0.179486163253729,outcome percentage points per 1 student per class,0.179486163253729,positive,2.1249116000317454e-05,7.641510063858901e-05,3465,495,unweighted,false,true,sensitivity,true,"[0.0069407131070385996,0.2989231692568135]",0.1776050793001473,0.179486163253729,0.2989231692568135,No Nova Santa Rita fact at the identical stage/outcome grain in Job 3.,Jointly monitor students_per_class and failure_rate_percent in medio; the executed model cannot assign the relation to a specific network.,municipality-year-stage match; education/condition at school-location lens; network=total; executed years=2019-2025,"Ecological association, not causality or same-person evidence; Job 3 did not execute network-specific or H2 weighting sensitivities."
failure_rate_percent,students_per_class,medio,total,total (school_location lens),2019-2025,0,H2-medio-failure_rate_percent-S1-LOO-4313409,S1_CLASS_SIZE,LEAVE_OUT_VALE_4313409,0.1784460421203906,outcome percentage points per 1 student per class,0.1784460421203906,positive,2.3389548607845e-05,7.641510063858901e-05,3465,495,unweighted,false,true,sensitivity,true,"[0.0069407131070385996,0.2989231692568135]",0.1776050793001473,0.179486163253729,0.2989231692568135,No Nova Santa Rita fact at the identical stage/outcome grain in Job 3.,Jointly monitor students_per_class and failure_rate_percent in medio; the executed model cannot assign the relation to a specific network.,municipality-year-stage match; education/condition at school-location lens; network=total; executed years=2019-2025,"Ecological association, not causality or same-person evidence; Job 3 did not execute network-specific or H2 weighting sensitivities."
failure_rate_percent,students_per_class,medio,total,total (school_location lens),2019-2025,0,H2-medio-failure_rate_percent-S1-LOO-4314803,S1_CLASS_SIZE,LEAVE_OUT_VALE_4314803,0.1783808397953172,outcome percentage points per 1 student per class,0.1783808397953172,positive,2.356719431446597e-05,7.641510063858901e-05,3465,495,unweighted,false,true,sensitivity,true,"[0.0069407131070385996,0.2989231692568135]",0.1776050793001473,0.179486163253729,0.2989231692568135,No Nova Santa Rita fact at the identical stage/outcome grain in Job 3.,Jointly monitor students_per_class and failure_rate_percent in medio; the executed model cannot assign the relation to a specific network.,municipality-year-stage match; education/condition at school-location lens; network=total; executed years=2019-2025,"Ecological association, not causality or same-person evidence; Job 3 did not execute network-specific or H2 weighting sensitivities."
failure_rate_percent,students_per_class,medio,total,total (school_location lens),2019-2025,0,H2-medio-failure_rate_percent-S1-LOO-4318705,S1_CLASS_SIZE,LEAVE_OUT_VALE_4318705,0.1782845883280332,outcome percentage points per 1 student per class,0.1782845883280332,positive,2.4061787456330108e-05,7.641510063858901e-05,3465,495,unweighted,false,true,sensitivity,true,"[0.0069407131070385996,0.2989231692568135]",0.1776050793001473,0.179486163253729,0.2989231692568135,No Nova Santa Rita fact at the identical stage/outcome grain in Job 3.,Jointly monitor students_per_class and failure_rate_percent in medio; the executed model cannot assign the relation to a specific network.,municipality-year-stage match; education/condition at school-location lens; network=total; executed years=2019-2025,"Ecological association, not causality or same-person evidence; Job 3 did not execute network-specific or H2 weighting sensitivities."
failure_rate_percent,students_per_class,medio,total,total (school_location lens),2019-2025,0,H2-medio-failure_rate_percent-S1-LOO-4320008,S1_CLASS_SIZE,LEAVE_OUT_VALE_4320008,0.1788870662114319,outcome percentage points per 1 student per class,0.1788870662114319,positive,2.2482919599548585e-05,7.641510063858901e-05,3465,495,unweighted,false,true,sensitivity,true,"[0.0069407131070385996,0.2989231692568135]",0.1776050793001473,0.179486163253729,0.2989231692568135,No Nova Santa Rita fact at the identical stage/outcome grain in Job 3.,Jointly monitor students_per_class and failure_rate_percent in medio; the executed model cannot assign the relation to a specific network.,municipality-year-stage match; education/condition at school-location lens; network=total; executed years=2019-2025,"Ecological association, not causality or same-person evidence; Job 3 did not execute network-specific or H2 weighting sensitivities."
failure_rate_percent,students_per_class,medio,total,total (school_location lens),2019-2025,0,H2-medio-failure_rate_percent-S1-NO_FE,S1_CLASS_SIZE,NO_FE_DIAGNOSTIC,0.2073019048552511,outcome percentage points per 1 student per class,0.2073019048552511,positive,4.544431821971624e-17,4.089988639774461e-15,3472,496,unweighted,false,false,sensitivity,true,"[0.0069407131070385996,0.2989231692568135]",0.1776050793001473,0.179486163253729,0.2989231692568135,No Nova Santa Rita fact at the identical stage/outcome grain in Job 3.,Jointly monitor students_per_class and failure_rate_percent in medio; the executed model cannot assign the relation to a specific network.,municipality-year-stage match; education/condition at school-location lens; network=total; executed years=2019-2025,"Ecological association, not causality or same-person evidence; Job 3 did not execute network-specific or H2 weighting sensitivities."
failure_rate_percent,students_per_class,medio,total,total (school_location lens),2022-2025,0,H2-medio-failure_rate_percent-S1-WINDOW_2022_2025,S1_CLASS_SIZE,WINDOW_2022_2025,0.2498577615930658,outcome percentage points per 1 student per class,0.2498577615930658,positive,0.0001366985129407,0.0004033726611366,1984,496,unweighted,false,true,sensitivity,true,"[0.0069407131070385996,0.2989231692568135]",0.1776050793001473,0.179486163253729,0.2989231692568135,No Nova Santa Rita fact at the identical stage/outcome grain in Job 3.,Jointly monitor students_per_class and failure_rate_percent in medio; the executed model cannot assign the relation to a specific network.,municipality-year-stage match; education/condition at school-location lens; network=total; executed years=2022-2025,"Ecological association, not causality or same-person evidence; Job 3 did not execute network-specific or H2 weighting sensitivities."
failure_rate_percent,students_per_class,medio,total,total (school_location lens),2019-2025,0,H2-medio-failure_rate_percent-S1_CLASS_SIZE,S1_CLASS_SIZE,MAIN_2019_2025,0.1784078856291947,outcome percentage points per 1 student per class,0.1784078856291947,positive,2.3379059924781145e-05,7.641510063858901e-05,3472,496,unweighted,false,true,main,true,"[0.0069407131070385996,0.2989231692568135]",0.1776050793001473,0.179486163253729,0.2989231692568135,No Nova Santa Rita fact at the identical stage/outcome grain in Job 3.,Jointly monitor students_per_class and failure_rate_percent in medio; the executed model cannot assign the relation to a specific network.,municipality-year-stage match; education/condition at school-location lens; network=total; executed years=2019-2025,"Ecological association, not causality or same-person evidence; Job 3 did not execute network-specific or H2 weighting sensitivities."
failure_rate_percent,teacher_adequacy_percent,medio,total,total (school_location lens),2019-2025,0,H2-medio-failure_rate_percent-S2_TEACHER_ADEQUACY,S2_TEACHER_ADEQUACY,MAIN_2019_2025,0.0179638365673465,outcome percentage points per 1 percentage point of teacher adequacy,0.0179638365673465,positive,0.1385836379714684,0.1720348609300986,3472,496,unweighted,false,true,main,true,"[0.0179638365673465,0.0179638365673465]",not_executed_for_relation,not_executed_for_relation,not_executed_for_relation,No Nova Santa Rita fact at the identical stage/outcome grain in Job 3.,Jointly monitor teacher_adequacy_percent and failure_rate_percent in medio; the executed model cannot assign the relation to a specific network.,municipality-year-stage match; education/condition at school-location lens; network=total; executed years=2019-2025,"Ecological association, not causality or same-person evidence; Job 3 did not execute network-specific or H2 weighting sensitivities."
failure_rate_percent,schools_with_broadband_percent,medio,total,total (school_location lens),2019-2025,0,H2-medio-failure_rate_percent-S3-WITHOUT-INSE,S3_BROADBAND_INSE,WITHOUT_INSE,0.0033781331692417,outcome percentage points per 1 percentage point of schools with broadband,0.0033781331692417,positive,0.5802272929554542,0.652755704574886,3472,496,unweighted,false,true,sensitivity,false,"[0.0013824269999856999,0.0033781331692416998]",not_executed_for_relation,not_executed_for_relation,not_executed_for_relation,No Nova Santa Rita fact at the identical stage/outcome grain in Job 3.,Jointly monitor schools_with_broadband_percent and failure_rate_percent in medio; the executed model cannot assign the relation to a specific network.,municipality-year-stage match; education/condition at school-location lens; network=total; executed years=2019-2025,"Ecological association, not causality or same-person evidence; Job 3 did not execute network-specific or H2 weighting sensitivities."
failure_rate_percent,schools_with_broadband_percent,medio,total,total (school_location lens),2019-2023,0,H2-medio-failure_rate_percent-S3_BROADBAND_INSE,S3_BROADBAND_INSE,MAIN_2019_2025,-0.0013824269999857,outcome percentage points per 1 percentage point of schools with broadband,0.0013824269999857,negative,0.8992154245948589,0.9196521387901968,1482,496,unweighted,true,true,main,true,"[0.0013824269999856999,0.0033781331692416998]",not_executed_for_relation,not_executed_for_relation,not_executed_for_relation,No Nova Santa Rita fact at the identical stage/outcome grain in Job 3.,Jointly monitor schools_with_broadband_percent and failure_rate_percent in medio; the executed model cannot assign the relation to a specific network.,municipality-year-stage match; education/condition at school-location lens; network=total; executed years=2019-2023,"Ecological association, not causality or same-person evidence; Job 3 did not execute network-specific or H2 weighting sensitivities."
